series,episode,baker,baker_last_name,baker_age,hometown,baker_occupation,technical,result,signature_bake,show_stopper
1,1,Edd,Kimber,24,Bradford,Debt collector for Yorkshire Bank,1,IN,Caramel Cinnamon and Banana Cake,N/A
1,1,Annetha,Mills,30,Essex,Midwife,2,IN,Light Jamaican Black Cakewith Strawberries and Cream,"Red, White & Blue Chocolate Cake with Cigarellos, Fresh Fruit, and Cream"
1,1,David,Chambers,31,Milton Keynes,Entrepreneur,3,IN,Chocolate Orange Cake,"Black Forest Floor Gateauxwith Moulded Chocolate Leaves, Fallen Fruitand Chocolate Mushrooms Moulded from eggs"
1,1,Miranda,Browne,37,"Midhurst, West Sussex",Food buyer for Marks & Spencer,8,IN,"Triple Layered Brownie Meringue Cake
with Raspberry Cream",Three Tiered Chocolate Fudge Cake  with Handmade Chocolate Button Decorations
1,1,Jonathan,Shepherd,25,St Albans,Research Analyst,9,IN,Carrot Cake with Lime and Cream Cheese Icing,Three Tiered White and Dark Chocolate with Almond and Cherry
1,1,Lea,Harris,51,"Midlothian, Scotland",Retired,10,OUT,Cranberry and Pistachio Cakewith Orange Flower Water Icing,Raspberries and Cream filled Chocolatewith Chocolate-dipped Fresh Fruit
1,1,Jasminder,Randhawa,45,Birmingham,Assistant Credit Control Manager,NA,IN,Fresh Mango and Passion Fruit Hummingbird Cake,N/A
1,1,Louise,Brimelow,44,Manchester,Police Officer,NA,IN,Carrot and Orange Cake,"Never Fail Chocolate Sponge Cake,with Fresh Fruit, White & Chocolate Cigarello Border"
1,1,Ruth,Clemens,31,"Poynton, Cheshire",Retail manager/Housewife,NA,IN,Three Tiered Lemon Drizzle Cakewith Fresh Cream and freshly made Lemon Curd,Classic Chocolate Sponge wrapped in a Chocolate Collartopped with Handmade White and Dark Chocolate Truffles
1,1,Mark,Whithers,48,South Wales,Bus Driver,NA,OUT,Sticky Marmalade Tea Loaf,Heart-shaped Chocolate and Beetroot Cake with Store-Bought silver chocolate hearts and chocolate red and white roses.
1,2,Jonathan,Shepherd,25,St Albans,Research Analyst,1,IN,Honey and Candied Ginger Cookies,Meringues with Whiskey Cream
1,2,Jasminder,Randhawa,45,Birmingham,Assistant Credit Control Manager,2,IN,Millionaires' Shortbread,Meringues with Chocolate and Space DustCoffee flavoured Eclairs
1,2,Miranda,Browne,37,"Midhurst, West Sussex",Food buyer for Marks & Spencer,3,IN,Fresh Vanilla Biscuits with Royal Icing,Pistachio Macarons
1,2,Louise,Brimelow,44,Manchester,Police Officer,4,OUT,Stained Glass Window Shortbread,"Strawberry, Mint, and Cream Meringues  Chocolate Eclairs / Orange, Yellow and Pink Macarons"
1,2,Ruth,Clemens,31,"Poynton, Cheshire",Retail manager/Housewife,5,IN,Peanut Shortbread withSalted Peanut Caramel,Almond Macaron with Violet ButtercreamRaspberries and Cream Eclairs
1,2,Edd,Kimber,24,Bradford,Debt collector for Yorkshire Bank,6,IN,Oatmeal Raisin Cookie,Pink Macarons
1,2,Annetha,Mills,30,Essex,Midwife,7,OUT,Rose Petal Shortbread,Pink Swirl Macarons / Eclairs
1,2,David,Chambers,31,Milton Keynes,Entrepreneur,8,IN,Cheddar Cheese and Fresh Rosemary Biscuits,Choux Pastry Swans  Chocolate Profiteroles
1,3,Edd,Kimber,24,Bradford,Debt collector for Yorkshire Bank,1,IN,Olive Bread,Tomato and Mozzarella
1,3,Ruth,Clemens,31,"Poynton, Cheshire",Retail manager/Housewife,2,IN,Maple and Pecan Bread,"Chocolate and Orange Panettone
Cranberry Bagels"
1,3,Miranda,Browne,37,"Midhurst, West Sussex",Food buyer for Marks & Spencer,3,IN,Walnut and Apricot Bread,"Lemon Iced Buns
Chocolate and Orange Buns"
1,3,David,Chambers,31,Milton Keynes,Entrepreneur,4,IN,Chilli Bread,"Walnut and Seed Roll
Red Berry and Almond Bun"
1,3,Jasminder,Randhawa,45,Birmingham,Assistant Credit Control Manager,5,IN,Focaccia,"Mango and Sultana Buns
Pan au Chocolat with Mars Bars
Tutti Frutti Wheel with Jelly Tots"
1,3,Jonathan,Shepherd,25,St Albans,Research Analyst,6,OUT,"Anchovy, Sweet Paprika and Oregano Bread","Sticky Lemon Honey Bun
Olive and Anchovy Roll
Sundried Tomatoes and Fresh Herbs Roll
Stilton, Walnut and Apple Roll
Cinnamon and Cardamom Chelsea Bun"
1,4,Miranda,Browne,37,"Midhurst, West Sussex",Food buyer for Marks & Spencer,1,IN,Sticky Toffee Pudding,"Queen of Puddings, Chocolate Pear Roly Poly, Strawberry and Rhubarb Crumble"
1,4,Jasminder,Randhawa,45,Birmingham,Assistant Credit Control Manager,2,IN,Sticky Toffee Pudding with Tropical Fruit & Toffee Sauce,"Bread & Butter Pudding, Treacle Suet Pudding with Fresh Fruit, Apple and Pineapple Crumble"
1,4,Edd,Kimber,24,Bradford,Debt collector for Yorkshire Bank,3,IN,Apple and Plum Pudding,"Apple and Cinnamon Crumble, Nutella Banana Brioche Bread Pudding, Rhubarb and Strawberry Suet Layer"
1,4,Ruth,Clemens,31,"Poynton, Cheshire",Retail manager/Housewife,4,IN,Peach and Blueberry Boy Bait,"Apple & Ginger Crumble, Rhubarb Suet Crust, Cherry Queen of Puddings"
1,4,David,Chambers,31,Milton Keynes,Entrepreneur,5,OUT,Pear and Walnut Pudding,"Apple and Blackberry Crumble, Rhubarb and Orange Betty, Suet Pear"
1,5,Miranda,Browne,37,"Midhurst, West Sussex",Food buyer for Marks & Spencer,1,IN,"Summery Salmon, Cod and Prawn Fish Pie","Chocolate Pastry filled with Orange Cheesecake  Chocolate Pastry filled with Milk Chocolate Ganche  Strawberry Tart with Red Currant Glaze  Cheesy Crab, Broad Bean and Tomato, Pancetta Risotto Canapés"
1,5,Edd,Kimber,24,Bradford,Debt collector for Yorkshire Bank,2,IN,"Chicken, Ham, Leek and Tarragon Pie","Almond Sweet Pastry with Ginger and Chocolate  Raspberry Tart / Yorkshire Curd Tart  Chickpea and Salami, Red and Yellow Pepper, Asparagus Gruyere Quiche Canapés"
1,5,Ruth,Clemens,31,"Poynton, Cheshire",Retail manager/Housewife,3,IN,Minced Beef Pie,"Raspberry and Dark Chocolate Tart  Creme Patisserie and Cherry Tart  Citrus Curd Tart with Creme Brulee top  Tomato, Asparagus Twirl Canapés"
1,5,Jasminder,Randhawa,45,Birmingham,Assistant Credit Control Manager,4,OUT,Chicken and Mushroom Pie,"Jaggery, Carrot, and Spiced Condensed Milk Tart  Fruit and Custard Tart  Thai Chili Red Onion, Duck in Plum Sauce, Salmon and Prawn Canapés"
1,6,Miranda,Browne,37,"Midhurst, West Sussex",Food buyer for Marks & Spencer,NA,Runner-up,Lemon Cupcake,Eliminated after signature
1,6,Ruth,Clemens,31,"Poynton, Cheshire",Retail manager/Housewife,NA,Runner-up,"Mint, Ginger and Blackberry Cake",
1,6,Edd,Kimber,24,Bradford,Debt collector for Yorkshire Bank,NA,WINNER,Cinnamon and Banana Cake,
2,1,Holly,Bell,31,Leicester,Advertising executive,1,STAR BAKER,Cherry Bakewell Inspired CupcakesGinger Cupcakes with Fig Truffle,UNKNOWN
2,1,Ben,Frazer,31,Northampton,Graphic Designer,2,IN,Rhubarb and Custard CupcakesAfter Dinner Cupcakes,Vanilla Sponge with White Chocolate and Raspberry Buttercream
2,1,Robert,Billington,25,London,Photographer,3,IN,Blackberry and Vanilla Cupcakeswith Liquorice Frosting,Genoise Layered Mousse Cakewith Chocolate Ganache
2,1,Mary-Anne,NA,NA,NA,NA,4,IN,Banoffee Cupcakes,Chocolate and Raspberry Opera cake
2,1,Yasmin,Limbert,43,"West Kirby, The Wirral",Childminder,5,IN,Cardamom and Pomegranate Cupcakes,UNKNOWN
2,1,Jason,White,19,Croydon,Civil Engineering Student,6,IN,Lemon Meringue CupcakesApple and Cinnamon Cupcakes,UNKNOWN
2,1,Urvashi,Roe,40,"Enfield, London",Head of Marketing,7,IN,Cherry Blossom CupcakesJapanese Lime Cupcakes,UNKNOWN
2,1,Janet,Basu,63,"Formby, Liverpool",Teacher of Modern Languages,8,IN,Raspberry and Cream Cupcakes,Chocolate Marble Cakewith Dark and White Chocolate Truffles
2,1,Simon,Blackwell,31,Norfolk,Rugby Coach,9,IN,Guinness and Chocolate Cupcakes,Two-Tiered Chocolate Courgette Cake
2,1,Ian,Vallance,40,"Dunstable, Bedfordshire",Fundraiser for English Heritage,10,IN,Apple and Cinnamon Cupcakes,UNKNOWN
2,1,Joanne,NA,NA,NA,NA,11,IN,NA,NA
2,1,Keith,Batsford,31,"Arlesey, Bedfordshire",House husband,12,OUT,Earl Grey Cupcakes,Chocolate and Sour Cream Cake
2,2,Ben,Frazer,31,Northampton,Graphic Designer,1,IN,"Chorizo, Pepper and Gruyere Quiche",Lemon Meringue Tarts
2,2,Ian,Vallance,40,"Dunstable, Bedfordshire",Fundraiser for English Heritage,2,IN,"Stilton, Spinach and New Potato Quichewith Paprika and Walnut Pastry",UNKNOWN
2,2,Jason,White,19,Croydon,Civil Engineering Student,3,STAR BAKER,Salmon and Pak Choi Quiche,Mint Chocolate Tarts Blueberry Bakewell Tarts
2,2,Holly,Bell,31,Leicester,Advertising executive,4,IN,Pesto Quiche,Milk Chocolate and Pistachio TartsTrifle Tarts
2,2,Robert,Billington,25,London,Photographer,5,IN,Smoked Bacon and Kale Quiche,"Chocolate, Fennel and Ginger TartAlmond, Creme Patissiere and Poached Pear Tart"
2,2,Yasmin,Limbert,43,"West Kirby, The Wirral",Childminder,6,IN,Smoked Haddock and Watercress Quiche,Chocolate and Orange with Cinnamon-Orange Pastry TartsBlueberry and Hazelnut with Hazelnut Pastry Tarts
2,2,Urvashi,Roe,40,"Enfield, London",Head of Marketing,7,IN,"Crab, Coriander and Coconut Quiche",Strawberry and Basil TartsElderflower and Honeycomb Tarts
2,2,Janet,Basu,63,"Formby, Liverpool",Teacher of Modern Languages,8,IN,Quiche Printanière,Red Fruit TartsChocolate and Cherry Tarts
2,2,Mary-Anne,NA,NA,NA,NA,9,IN,"Roasted Cauliflower, Cheese andCaramelised Onion Quiche",Butterscotch Brulée Tarts in Pecan PastryApple Rose Tarts
2,2,Joanne,NA,NA,NA,NA,10,IN,NA,NA
2,2,Simon,Blackwell,31,Norfolk,Rugby Coach,11,OUT,Smoked Haddock and Watercress Quiche,"Passion Fruit and Ricotta TartsSalted Chocolate, Stem Ginger and Mascarpone Cream Tarts"
2,3,Joanne,NA,NA,NA,NA,1,IN,NA,NA
2,3,Yasmin,Limbert,43,"West Kirby, The Wirral",Childminder,2,STAR BAKER,Egyptian Dukkah Loaf with Mixed Spices,"Pesto Bread
Sweet Coconut Rolls"
2,3,Ben,Frazer,31,Northampton,Graphic Designer,3,IN,"Walnut, Raisin and Rosemary Loaf",UNKNOWN
2,3,Robert,Billington,25,London,Photographer,4,IN,Rye and Coriander Seed Loaf,Blueberry Brioche RollsLemon and Poppy Seed Rolls
2,3,Mary-Anne,NA,NA,NA,NA,5,IN,Ploughman's Loaf,Herb and Walnut BreadsChocolate and Chilli Buns
2,3,Holly,Bell,31,Leicester,Advertising executive,6,IN,Picnic Loaf,Stilton and Walnut Rolls
2,3,Jason,White,19,Croydon,Civil Engineering Student,7,IN,Cheese and Onion Tear and Share Loaf,UNKNOWN
2,3,Janet,Basu,63,"Formby, Liverpool",Teacher of Modern Languages,8,IN,Zupfe Loaf with Gruyère Cheese,Apple and Walnut Granary Rolls Red Onion Cottage Rolls
2,3,Urvashi,Roe,40,"Enfield, London",Head of Marketing,9,OUT,Salt and Peppercorn Loaf,Chilli and Halloumi RollsLemon and Coriander Mini Loaves
2,3,Ian,Vallance,40,"Dunstable, Bedfordshire",Fundraiser for English Heritage,10,OUT,"Courgette, Caerphilly Cheese and Thyme Loaf",Walnut and Raisin RollsCracked Wheat Logs
2,4,Jason,White,19,Croydon,Civil Engineering Student,1,STAR BAKER,Lebkuchen,"Mocktail Macarons
(Mojito, Cranberry Cooler, and Pina Colada)"
2,4,Mary-Anne,NA,NA,NA,NA,2,IN,Melting Moments,Blackcurrant and Mint MacaronsGooseberry and Elderflower MacaronsHazelnut Macarons
2,4,Holly,Bell,31,Leicester,Advertising executive,3,STAR BAKER,Strawberry and Custard Melts,"'Chocolate bars of my youth'
(Caramel Macarons, Mint Chocolate Macarons and Chocolate Orange Macarons)"
2,4,Janet,Basu,63,"Formby, Liverpool",Teacher of Modern Languages,4,IN,Christmas Marzipan Biscuits,"Raspberry Macarons
Blackcurrant Macarons
Almond Macarons"
2,4,Ben,Frazer,31,Northampton,Graphic Designer,5,OUT,Stem Ginger Nuts,Chocolate and Almond MacaronsPine Nut MacaronsPistachio Macarons
2,4,Yasmin,Limbert,43,"West Kirby, The Wirral",Childminder,6,IN,Chocolate Chip and Pistachio Biscotti,Chocolate and Lime MacaronsCoffee and Walnut MacaronsPineapple and Coconut Macarons
2,4,Robert,Billington,25,London,Photographer,7,IN,Chocolate and Ginger Oat Biscuits,Strawberry and Lime MacaronsLemon MacaronsChocolate and Cardamom Macarons
2,4,Joanne,NA,NA,NA,NA,8,IN,NA,NA
2,5,Janet,Basu,63,"Formby, Liverpool",Teacher of Modern Languages,1,STAR BAKER,Chicken and Chestnut Pie,Rhubarb Meringue Pie
2,5,Mary-Anne,NA,NA,NA,NA,2,IN,Chicken and Bacon Pie,Midnight Meringue
2,5,Robert,Billington,25,London,Photographer,3,OUT,Chicken and Mushroom Pie,Rhubarb and Custard Meringue Pie
2,5,Holly,Bell,31,Leicester,Advertising executive,4,IN,"Stilton, Potato and Caramelised Onion Pie",Lime Meringue Pie
2,5,Yasmin,Limbert,43,"West Kirby, The Wirral",Childminder,5,IN,Family Fish Pie,Peach and Raspberry Meringue Pie
2,5,Joanne,NA,NA,NA,NA,6,IN,NA,NA
2,5,Jason,White,19,Croydon,Civil Engineering Student,7,OUT,Brown Down Chicken Pie,Plum Meringue Pie
2,6,Joanne,NA,NA,NA,NA,1,STAR BAKER,NA,NA
2,6,Yasmin,Limbert,43,"West Kirby, The Wirral",Childminder,2,OUT,Baked Amaretto Cheesecake,Rose Croquembouche
2,6,Holly,Bell,31,Leicester,Advertising executive,3,IN,Father Christmas' Baked Cheesecake,Hansel and Gretel's Croquembouche
2,6,Mary-Anne,NA,NA,NA,NA,4,IN,Tutti Fruitti Curd Baked Cheesecake,Orange and Praline Croquembouche with Cardamom Caramel
2,6,Janet,Basu,63,"Formby, Liverpool",Teacher of Modern Languages,5,IN,Rhubarb and Ginger Baked Cheesecake,Orange and Nougatine Croquembouche
2,7,Holly,Bell,31,Leicester,Advertising executive,1,IN,"White Chocolate, Hazelnut and Raspberry Genoise Mousse Cake","Apricot, Macadamia and White Chocolate PinwheelsAlmond CroissantsApple, Raisin and Cinnamon Plaits"
2,7,Mary-Anne,NA,NA,NA,NA,2,IN,Chocolate and Orange Mousse Cake,Raspberry Rose DanishesPraline SpiralsAlsatian Plaited Danishes
2,7,Joanne,NA,NA,NA,NA,3,IN,NA,NA
2,7,Janet,Basu,63,"Formby, Liverpool",Teacher of Modern Languages,4,OUT,Chocolate Amaretto Mousse Cake,Pain Aux RaisinPlain CroissantPain Au Chocolat
2,8,Joanne,NA,NA,NA,NA,1,WINNER,NA,NA
2,8,Holly,Bell,31,Leicester,Advertising executive,2,Runner-up,Banoffee Inspired Mille Feuille,Strawberry and Cream Meringue NestGooseberry and Elderflower 'Bakewell' TartsNeapolitan Ice-Cream Sandwich
2,8,Mary-Anne,NA,NA,NA,NA,3,Runner-up,Lemon and Ginger Mille Feuille,Fruit Tarts with Elderflower CustardStrawberry and Rhubarb CheesecakesBlack Fruit Meringue with Everlasting Syllabub
3,1,Sarah-Jane,NA,NA,NA,NA,1,IN,"Pear, Chocolate and Hazelnut",Hidden Crown Cake
3,1,James,Morton,21,"Hillswick, Shetland Islands",Medical student,2,IN,"Parsnip, Pear, and Pecan","""Simmer Dim"" Sunset Cake"
3,1,Peter,Maloney,43,"Windsor, Berkshire",Sales manager,3,IN,"Pear, Muscat & Chocolate",Jubilee Cake
3,1,Victoria,Chester,50,Somerset,CEO of the charity Plantlife,4,STAR BAKER,Pear and Pecan,Blackbird Pie Cake
3,1,Cathryn,Dresser,27,"Pease Pottage, West Sussex",Shop assistant,5,IN,"Apple, Hazelnut and Calvados",Hidden Cupcake Cake
3,1,Manisha,Parmar,27,Leicester,Nursery nurse,6,IN,"Vanilla, Peach and Raspberry",White Chocolate Cake with a Red Velvet and White Chocolate Mousse Heart
3,1,Danny,Bryden,45,Sheffield,Intensive care consultant,7,IN,"Plum, Ginger & Orange",UNKNOWN
3,1,Ryan,Chong,38,Bristol,Photographer,8,IN,Kumquat and Orange Polenta,Hidden Flowerbed Mousse Cake
3,1,Stuart,Marston,26,"Lichfield, Staffordshire",PE teacher,9,IN,Tomato and Ginger,Lemon and Pistachio Union Flag Cake
3,1,Brendan,Lynch,63,Sutton Coldfield,Recruitment consultant,10,IN,"Plum, Sour Cherry & Walnut",UNKNOWN
3,1,John,Whaite,22,Wigan,Law student,11,IN,"Toffee Apple, Orange & Cranberry",Hidden Pink Hearts Cake
3,1,Natasha,Stringer,36,"Tamworth, Staffordshire",Midwife,12,OUT,Pineapple & Passion Fruit,Mother's Day Layered Rose Cake
3,2,John,Whaite,22,Wigan,Law student,1,STAR BAKER,"Coriander and Chilli RotisGarlic, Pomegranate and Potato Pitas","Fig, Walnut and Gruyere Bagels
Blueberry and White Chocolate Bagels"
3,2,James,Morton,21,"Hillswick, Shetland Islands",Medical student,2,IN,"Tomato, Garlic, and Parmesan FlatbreadsTattie Scones","Orange, Mint and Chocolate Bagels
'Millers' Sourdough Bagels"
3,2,Danny,Bryden,45,Sheffield,Intensive care consultant,3,IN,Lime Coriander and Coconut TortillasZaatar Naan with Dukkah,UNKNOWN
3,2,Brendan,Lynch,63,Sutton Coldfield,Recruitment consultant,4,IN,Middle Eastern Taboon BreadIndian Rotis,"Chocolate and Vanilla Bagels
Cumin and Gruyere Bagels"
3,2,Ryan,Chong,38,Bristol,Photographer,5,IN,Shanghai Spring Onion FlatbreadsGarlic and Coriander Naan,"Cinnamon and Date Bagels
Tarragon and Rosemary Bagels"
3,2,Manisha,Parmar,27,Leicester,Nursery nurse,6,IN,Indian FlatbreadsItalian Flatbreads,UNKNOWN
3,2,Victoria,Chester,50,Somerset,CEO of the charity Plantlife,7,IN,Coriander and Lemon NaanGarlic and Parsnip Chapatis,"Saffron and Golden Raisin Bagels
Porcini Bagels"
3,2,Cathryn,Dresser,27,"Pease Pottage, West Sussex",Shop assistant,8,IN,"Spiced Mango NaanLime, Coriander and Chilli Tortillas","Cranberry and Orange Bagels
Chipotle, Chili, and Smoked Cheddar Bagels"
3,2,Stuart,Marston,26,"Lichfield, Staffordshire",PE teacher,9,IN,Bombay BreadChorizo and Spring Onion Naan,"Cinnamon and Cranberry Bagels
Tomato and Thyme Bagels"
3,2,Sarah-Jane,NA,NA,NA,NA,10,IN,Toasted Coconut and Lime RotisOatcakes,UNKNOWN
3,2,Peter,Maloney,43,"Windsor, Berkshire",Sales manager,11,OUT,Fennel and Nigella Seed NaanBannock Bread,"Rosemary and Sea Salt Bagels
Apple and Cinnamon Bagels"
3,3,James,Morton,21,"Hillswick, Shetland Islands",Medical student,1,STAR BAKER,Apple and Lavender Tarte Tatin,"Rose, Lychee and Raspberry Fruit Tart"
3,3,Danny,Bryden,45,Sheffield,Intensive care consultant,2,IN,Savoury Pear and Roquefort Tarte Tatin,"Pineapple, Coconut and Frangipane Tart"
3,3,Cathryn,Dresser,27,"Pease Pottage, West Sussex",Shop assistant,3,IN,"Plum, Cherry and Five Spice Tarte Tatin","Raspberry, Pistachio and Lemon Tart"
3,3,Victoria,Chester,50,Somerset,CEO of the charity Plantlife,4,OUT,"Fig, Walnut and Pink Peppercorn Tarte Tatin",Tropical Fruit Tart with Black Pepper Crust
3,3,Ryan,Chong,38,Bristol,Photographer,5,IN,Spiced Pear Tarte Tatin,UNKNOWN
3,3,John,Whaite,22,Wigan,Law student,6,IN,Apple and Vanilla Tarte Tatin with Walnut Praline,"Berries, Grapes, Pomegranate, and Dragon Fruit Tart"
3,3,Stuart,Marston,26,"Lichfield, Staffordshire",PE teacher,7,IN,Pear and Almond Tarte Tatin,Raspberry Triple Chocolate Layered Tart
3,3,Sarah-Jane,NA,NA,NA,NA,8,IN,Caramelised Banana Tarte Tatin,French Apple Tart with Blackberry and Cassis Jam
3,3,Brendan,Lynch,63,Sutton Coldfield,Recruitment consultant,9,IN,Apple and Ginger Tarte Tatin,"Blackberry, Nectarine and Dragon Fruit Tart"
3,3,Manisha,Parmar,27,Leicester,Nursery nurse,10,IN,"Cinnamon, Apple and Pear Tarte Tatin",Rum and Tropical Fruit Tart
3,4,Brendan,Lynch,63,Sutton Coldfield,Recruitment consultant,1,STAR BAKER,Clementine and Chestnut Torte,"Pear, Chocolate and Hazelnut Dacquoise"
3,4,Danny,Bryden,45,Sheffield,Intensive care consultant,2,IN,"Blackberry, White Chocolate, Lemon and Elderflower Torte","'Monte Bianco' Chestnut, Chocolate and Coffee Dacquoise"
3,4,Cathryn,Dresser,27,"Pease Pottage, West Sussex",Shop assistant,3,IN,"White Chocolate, Macadamia and Coffee Torte","Gooseberry, Almond and Honey Meringue"
3,4,Sarah-Jane,NA,NA,NA,NA,4,IN,Chocolate and Almond Truffle Torte,Hazelnut Tiramisu Layered Meringue
3,4,James,Morton,21,"Hillswick, Shetland Islands",Medical student,5,IN,"Hazelnut, Chocolate and Passionfruit Torte","Fig, Chestnut, Cherry and Chocolate Layered Meringue"
3,4,John,Whaite,22,Wigan,Law student,6,IN,'Torte Noir' Black Forest Torte with Boozy Cream,Elderflower and Bramble Berry Pavlova
3,4,Ryan,Chong,38,Bristol,Photographer,7,IN,Green Tea Opera Torte,"Strawberry, Rose and Pistachio Meringue"
3,4,Stuart,Marston,26,"Lichfield, Staffordshire",PE teacher,8,OUT,Black Forest Torte,Choca Blocka Mocha Meringue
3,4,Manisha,Parmar,27,Leicester,Nursery nurse,9,IN,"Almond, Chocolate and Cherry Torte",Tiramisu Layered Meringue Dessert
3,5,Cathryn,Dresser,27,"Pease Pottage, West Sussex",Shop assistant,1,IN,Full English Wellington,Chocolate and Peanut Butter Pumpkin Pie
3,5,John,Whaite,22,Wigan,Law student,2,IN,Venison and Haggis Wellington,Star-Spangled Pecan Pie
3,5,Brendan,Lynch,63,Sutton Coldfield,Recruitment consultant,3,IN,Salmon Coulibiac in a Scandinavian Pastry,All American Chiffon Pie
3,5,Sarah-Jane,NA,NA,NA,NA,4,IN,Beef Wellington with Parma Ham and Gorgonzola Cheese,Chocolate and Banana Cream Pie
3,5,Manisha,Parmar,27,Leicester,Nursery nurse,5,OUT,Lamb Wellington with Rosemary and Mint,Banana Scotch Pie
3,5,James,Morton,21,"Hillswick, Shetland Islands",Medical student,6,IN,Four Pig Wellington,Sweet Potato Pie
3,5,Danny,Bryden,45,Sheffield,Intensive care consultant,7,IN,"Chickpea, Spinach & Mushroom Wellington",Trick or Treat Pumpkin Pie
3,5,Ryan,Chong,38,Bristol,Photographer,8,STAR BAKER,Curry Spiced Seabass Wellington,Key Lime Pie
3,6,Brendan,Lynch,63,Sutton Coldfield,Recruitment consultant,1,STAR BAKER,"Rhubarb, Strawberry and Ginger Puddings
Sticky Toffee Puddings","Spinach, Cheese and Walnut Strudel"
3,6,Danny,Bryden,45,Sheffield,Intensive care consultant,2,IN,Banoffee Puddings with Walnut Butterscotch SauceJubilee Chocolate Fondants,"Leek, Potato, Pistachio and Gruyère Strudel"
3,6,Cathryn,Dresser,27,"Pease Pottage, West Sussex",Shop assistant,3,IN,"Chocolate Walnut Whip Puddings
Elderflower Sponges",Roasted Vegetable Couscous and Sheep Cheese Strudel
3,6,Sarah-Jane,NA,NA,NA,NA,4,IN,Sticky Toffee PuddingsGranny's Saucy Lemon Puddings,Sweet Strudel with Sour Cherries
3,6,John,Whaite,22,Wigan,Law student,5,IN,Spicy Toffee PuddingsRaspberry and White Chocolate Puddings,Did not complete due to injury
3,6,Ryan,Chong,38,Bristol,Photographer,6,IN,Chocolate FondantsSticky Ginger and Date Puddings,"Apple, Sour Cherry, Raisin and Mixed Nuts Strudel"
3,6,James,Morton,21,"Hillswick, Shetland Islands",Medical student,7,IN,Banana and Clove PuddingsClootie Dumplings,"Strawberry, Rhubarb and Ginger Strudel"
3,7,James,Morton,21,"Hillswick, Shetland Islands",Medical student,1,IN,Easter Chelsea Buns,Whisky Kugelhopf-Brioche Baba
3,7,Danny,Bryden,45,Sheffield,Intensive care consultant,2,STAR BAKER,Bakewell Chelsea Buns,European Christmas Wreath
3,7,John,Whaite,22,Wigan,Law student,3,IN,Cherry and Almond Saffron Buns,Marzipan Stollen
3,7,Brendan,Lynch,63,Sutton Coldfield,Recruitment consultant,4,IN,Chelsea Bunskis,Black Forest Christmas Stollen
3,7,Cathryn,Dresser,27,"Pease Pottage, West Sussex",Shop assistant,5,IN,Lady Arundel's Manchet Buns,Bonfire Night Tear 'n' Share Brioche
3,7,Ryan,Chong,38,Bristol,Photographer,6,OUT,Lardy Cakes,Char Siu Bao
3,7,Sarah-Jane,NA,NA,NA,NA,7,OUT,"Orange, Nutmeg and Saffron Buns",Sour Cherry and Dark Chocolate Christmas Plait
3,8,James,Morton,21,"Hillswick, Shetland Islands",Medical student,1,STAR BAKER,"Smoky Cayenne, Cumin and Chilli Crackers",Gingerbread Barn
3,8,Brendan,Lynch,63,Sutton Coldfield,Recruitment consultant,2,IN,Multi-Seed Savoury Crackers,Fantasy Gingerbread Bird House
3,8,John,Whaite,22,Wigan,Law student,3,IN,Asian Spice Crackers,Gingerbread Roman Coliseum
3,8,Danny,Bryden,45,Sheffield,Intensive care consultant,4,IN,Spiced Almond Drinks Crackers,Gingerbread Big Ben
3,8,Cathryn,Dresser,27,"Pease Pottage, West Sussex",Shop assistant,5,OUT,Cheese and Pickle Crackers,Gingerbread Buckingham Palace
3,9,James,Morton,21,"Hillswick, Shetland Islands",Medical student,1,STAR BAKER,"Lemon and Rhubarb TartletsChocolate Indulgence Petits FoursChilli, Lime and Raspberry Macaroons","Coffee, Caramel and Hazelnut Paris-Brest"
3,9,John,Whaite,22,Wigan,Law student,2,IN,Lemon MadeleinesWhite Chocolate and Raspberry TartletsDark Chocolate and Cherry Macaroons,Gateau St. Honoré a la Passion
3,9,Brendan,Lynch,63,Sutton Coldfield,Recruitment consultant,3,IN,Coffee Meringue and Hazelnut CreamsApricot and Pistachio FriandsLime Curd Choux Pastry Cygnets,Gateau St. Honoré
3,9,Danny,Bryden,45,Sheffield,Intensive care consultant,4,OUT,Blackberry and Peppermint MacaroonsMiniature Raspberry and Basil FinanciersOrange and White Chocolate Langues de Chat,Rosewater and Lychee St. Honoré
3,10,James,Morton,21,"Hillswick, Shetland Islands",Medical student,1,Runner-up,Spanish Pithivier with Chorizo and Red Pepper,United Chiffon Cakes
3,10,Brendan,Lynch,63,Sutton Coldfield,Recruitment consultant,2,Runner-up,Potato and Pepper Pithivier,Family Reunion Chiffon Cake
3,10,John,Whaite,22,Wigan,Law student,2,WINNER,Italian Sausage and Roasted Vegetable Pithivier,Heaven and Hell Chiffon Cake
4,1,Robert,Smart,54,"Melbourn, Cambridgeshire",Space Satellite Designer,1,STAR BAKER,Pecan and Apple Cake,Raspberry Chocolate Cake
4,1,Lucy,Bellamy,38,"Grimsby, Lincolnshire",Horticulturist,2,IN,Timperley Early Cake,Thyme 'Wildwood' Cake
4,1,Christine,Wallace,66,"Didcot, Oxfordshire",Director of an engraving company,3,IN,"Strawberry, Vanilla and Rosewater Summer Basket",Chocolate and Orange 'Fripperous' Hat Cake
4,1,Glenn,Cosby,37,"Teignmouth, Devon",English Teacher,4,IN,Strawberries and Cream Cake,Almond and Espresso Chocolate Cake
4,1,Mark,Onley,37,Milton Keynes,Carpenter and Kitchen Fitter,5,IN,Lemon and Poppy Seed Cake,Chocolate Monster
4,1,Howard,Middleton,51,Sheffield,Council Worker,6,IN,Passion Fruit and Coconut Cake,Black Forest Revisited
4,1,Frances,Quinn,31,"Market Harborough, Leicestershire",Children's Clothes Designer,7,IN,Giant Jam Sandwich,Secret Squirrel Cake
4,1,Beca,Lyne,31,"Aldershot, Hampshire",Military Wives' Choir Singer,8,IN,Grapefruit Sandwich Cake,Chocolate Cherry Indulgence
4,1,Deborah,Manger,51,Peterborough,Dentist,9,IN,Pineapple Cake,'Coffee Time'
4,1,Kimberley,Wilson,30,London,Psychologist,10,IN,Blood Orange Cake,"Chocolate, Raspberry & Basil Layer Cake"
4,1,Ali,Imdad,25,"Saltley, Birmingham",Charity worker,11,IN,Rose and Pistachio Cake,"Chocolate, Raspberry and Passion Fruit Engagement Cake"
4,1,Ruby,Tandoh,20,"Southend, Essex",History of Art and Philosophy Student,12,IN,Rhubarb and Custard Sandwich Cake,Chocolate and Ginger Night Sky Cake
4,1,Toby,Waterworth,30,"Reading, Berkshire",Web Programmer,13,OUT,Spiced and Iced Carrot Cake,Two Tiered Chocolate Cake
4,2,Kimberley,Wilson,30,London,Psychologist,1,IN,Nigella Seed and Parmesan Breadsticks,Peace Bread
4,2,Frances,Quinn,31,"Market Harborough, Leicestershire",Children's Clothes Designer,2,IN,Giant Matchsticks,Sailor's Knot
4,2,Ruby,Tandoh,20,"Southend, Essex",History of Art and Philosophy Student,3,STAR BAKER,Mexican Breadsticks,White Chocolate and Orange Peacock Bread
4,2,Christine,Wallace,66,"Didcot, Oxfordshire",Director of an engraving company,4,IN,Mediterranean Breadsticks with Oregano,Double Plaited Loaf
4,2,Robert,Smart,54,"Melbourn, Cambridgeshire",Space Satellite Designer,5,IN,Twisty Rye Bread Sticks,Tribute Loaf
4,2,Mark,Onley,37,Milton Keynes,Carpenter and Kitchen Fitter,6,IN,Rosemary & Raisin Breadsticks,Sage & Garlic Plait
4,2,Glenn,Cosby,37,"Teignmouth, Devon",English Teacher,7,IN,Rosemary and Parmesan Grissini,Harvest Crown
4,2,Deborah,Manger,51,Peterborough,Dentist,8,IN,Fennel & Chilli Breadsticks,Walnut Fleur Loaf
4,2,Ali,Imdad,25,"Saltley, Birmingham",Charity worker,9,IN,Italian Grissini,Sweet and Savoury Yin Yang Bread
4,2,Howard,Middleton,51,Sheffield,Council Worker,10,IN,Moroccan Breadsticks,Picasso Sun Bread
4,2,Beca,Lyne,31,"Aldershot, Hampshire",Military Wives' Choir Singer,11,IN,Fennel and Chilli Breadsticks,Five Strand Christmas Wreath
4,2,Lucy,Bellamy,38,"Grimsby, Lincolnshire",Horticulturist,12,OUT,Grissini with Salt,Roast Tomato Bread
4,3,Glenn,Cosby,37,"Teignmouth, Devon",English Teacher,1,IN,Raspberry and Almond Trifle,Billionaire BouchéesOrange Financiers
4,3,Robert,Smart,54,"Melbourn, Cambridgeshire",Space Satellite Designer,2,IN,Rhubarb and Orange Trifle,Almond FriandsTurǫn Macaroons
4,3,Ruby,Tandoh,20,"Southend, Essex",History of Art and Philosophy Student,3,IN,Desert Island Trifle,Lemon Shortbread and White Chocolate SeashellsBlackberry and Chocolate Layer Cakes
4,3,Christine,Wallace,66,"Didcot, Oxfordshire",Director of an engraving company,4,STAR BAKER,Caribbean Pina Colada Trifle,Ninety-NinersSachertorte Parcels
4,3,Ali,Imdad,25,"Saltley, Birmingham",Charity worker,5,IN,"Coconut, Raspberry and Lemon Meringue Trifle",Vanilla Latte Mini CakesLime & Mint Shortbread Pops
4,3,Kimberley,Wilson,30,London,Psychologist,6,IN,"Peach, Almond and Ginger Trifle",Chocolate Pistachio FinanciersLemon Bergamot Biscuits
4,3,Howard,Middleton,51,Sheffield,Council Worker,7,IN,Caramel and Apple Trifle*,Black Coffee and Cardamom CakesWhite Stilton and Pear Biscuits
4,3,Frances,Quinn,31,"Market Harborough, Leicestershire",Children's Clothes Designer,8,IN,Apple and Blackberry Crumble Trifle,'Ballet Bites' Ginger NutcrackersSugar Plum Fairy Cakes
4,3,Deborah,Manger,51,Peterborough,Dentist,9,OUT,Tropical Trifle*,Canelé Cherry and Chocolate CakesRose Cookies
4,3,Beca,Lyne,31,"Aldershot, Hampshire",Military Wives' Choir Singer,10,IN,Orange and Ginger Trifle,Limoncello and Blueberry BurstsMillionaire Shortbread
4,3,Mark,Onley,37,Milton Keynes,Carpenter and Kitchen Fitter,11,OUT,"Ginger, Mango and Passion Fruit Trifle",Rose and Pistachio MacaroonsChocolate and Raspberry Bites
4,4,Frances,Quinn,31,"Market Harborough, Leicestershire",Children's Clothes Designer,1,IN,Peach Pie In the Sky,Cherry Tree Baklava Filo Pie
4,4,Beca,Lyne,31,"Aldershot, Hampshire",Military Wives' Choir Singer,2,IN,Mamgu's Cherry-Apple Tart,Moroccan Vegetable Filo Feast
4,4,Robert,Smart,54,"Melbourn, Cambridgeshire",Space Satellite Designer,3,IN,Apple and Pear Pie with Thyme,Spanakopita with St George's Mushrooms
4,4,Kimberley,Wilson,30,London,Psychologist,4,STAR BAKER,Pecan and Rosemary Caramel Apple Pie,"Chicken, Bacon and Butternut Squash Pie"
4,4,Howard,Middleton,51,Sheffield,Council Worker,5,IN,Apple Pie with Sage Pastry,Fresh Fig and Feta Filo Flan
4,4,Ruby,Tandoh,20,"Southend, Essex",History of Art and Philosophy Student,6,IN,Apple and Marzipan Pie,"Rose, Almond and Raspberry Filo Pie"
4,4,Christine,Wallace,66,"Didcot, Oxfordshire",Director of an engraving company,7,IN,"Granny Rogers' Apple, Plum & Cinnamon Country Pie",Roasted Vegetable Filo Pie with Feta Cheese
4,4,Ali,Imdad,25,"Saltley, Birmingham",Charity worker,8,OUT,Apple and Ginger Pie with a Pecan and Walnut Shortcrust Pastry,"Orange, Cardamom and Date M'Hanncha"
4,4,Glenn,Cosby,37,"Teignmouth, Devon",English Teacher,9,IN,Apple & Maple Syrup Pie,Spanakopita (Walnut and Feta Cheese)
4,5,Christine,Wallace,66,"Didcot, Oxfordshire",Director of an engraving company,1,STAR BAKER,Mixed Berry and Almond Crumble Traybake,Shortbread Bavarian Clock Tower
4,5,Glenn,Cosby,37,"Teignmouth, Devon",English Teacher,2,IN,Apricot and Pistachio Tiffin,Shortbread and Macaron Helter-Skelter
4,5,Frances,Quinn,31,"Market Harborough, Leicestershire",Children's Clothes Designer,3,IN,Millionaire Banoffee Bonus,Biscuit Buttons and Beads
4,5,Robert,Smart,54,"Melbourn, Cambridgeshire",Space Satellite Designer,4,OUT,Blueberry & Orange Traybake,Dalek
4,5,Beca,Lyne,31,"Aldershot, Hampshire",Military Wives' Choir Singer,5,IN,"Chocolate, Cherry and Hazelnut Brownies",Tiered Macaron and Sugar Dough Biscuit Centrepiece
4,5,Ruby,Tandoh,20,"Southend, Essex",History of Art and Philosophy Student,6,IN,Blackberry and Lemon Bakewell Slice,'Dropped Ice-Cream' Biscuit Centrepiece
4,5,Kimberley,Wilson,30,London,Psychologist,7,IN,Cherry and Almond Bakewell Florentine Slice,Black and White Viennese Biscuit Stack
4,5,Howard,Middleton,51,Sheffield,Council Worker,8,IN,Breakfast Traybake,Japanese Pagoda Tea Tower
4,6,Ruby,Tandoh,20,"Southend, Essex",History of Art and Philosophy Student,1,STAR BAKER,Citrus Tea Loaf,Twisted Swedish KanelbullarSaffron St. Lucia Buns
4,6,Frances,Quinn,31,"Market Harborough, Leicestershire",Children's Clothes Designer,2,IN,Chai Tea Loaf,Hot Cross BriochesRhubarb and Custard Kolaches
4,6,Kimberley,Wilson,30,London,Psychologist,3,IN,Chai Spiced Ginger and Date Tea Loaf,Double Chocolate and Hazelnut BriochesDanish Kanelsnurrer
4,6,Christine,Wallace,66,"Didcot, Oxfordshire",Director of an engraving company,4,IN,Oxford Nutty Fruit Loaf,Schnecken BunsVanilla Custard Skolebrød
4,6,Glenn,Cosby,37,"Teignmouth, Devon",English Teacher,5,IN,Devonshire Panettone,Almond and Apricot BriochesSticky Caramel Kanelbullen
4,6,Beca,Lyne,31,"Aldershot, Hampshire",Military Wives' Choir Singer,6,IN,Bara Brith,Chocolate and Rum-Soaked Prune BriochesCardamom Spiced Lemon Iced Buns
4,6,Howard,Middleton,51,Sheffield,Council Worker,7,OUT,Date & Hemp Yorkshire Loaf,Peachy BunsGerman Baumschnecken
4,7,Beca,Lyne,31,"Aldershot, Hampshire",Military Wives' Choir Singer,1,IN,Spring Lamb and Vegetable Suet Puddingwith Redcurrant Gravy,Nectarine and Frangipane SquaresChocolate and Hazelnut Vol-au-ventsStrawberries and Cream Mille-feuille
4,7,Ruby,Tandoh,20,"Southend, Essex",History of Art and Philosophy Student,2,IN,Plum Jam Roly-Polywith Ginger Ice cream,Raspberry and Passion Fruit Mille-feuilleCaramelised Apple LatticePortuguese Custard Tarts
4,7,Glenn,Cosby,37,"Teignmouth, Devon",English Teacher,3,OUT,Prune and Armagnac Puddingwith Boozy Butterscotch Sauce,Caramelised Apple and Marzipan TartletsChocolate Elephant EarsPassion Fruit Mille-feuille
4,7,Kimberley,Wilson,30,London,Psychologist,4,IN,Barberry and Apple Spotted Dickwith Maple Syrup and White Chocolate Custard,"Pear, Malt and Butterscotch Mille-feuilleBlackberry and Lemon Verbena Crème Brûle Custard TartsFig, Orange and Thyme Galette"
4,7,Frances,Quinn,31,"Market Harborough, Leicestershire",Children's Clothes Designer,5,STAR BAKER,Figgy Roll-y Poly Puddingwith Caramelised Walnut and Honey Ice-Cream,French Framboise Cream HornsSheet Music Mille-feuilleBass Clef Palmiers
4,7,Christine,Wallace,66,"Didcot, Oxfordshire",Director of an engraving company,6,IN,Spotted Dick 'With a Kick'and Vanilla Custard Ice Cream,Eccles CakesFresh Fruit BasketsLemon Cream Eton Mess Mille-feuille
4,8,Ruby,Tandoh,20,"Southend, Essex",History of Art and Philosophy Student,1,STAR BAKER,Mango and Nigella Seed Spelt Cob,Carrot Cake and Pistachio Garden Plot
4,8,Kimberley,Wilson,30,London,Psychologist,2,IN,Wild Garlic Pesto and Parma Ham Spelt Loaf,Butternut Squash and Spice Cake Toadstool House
4,8,Frances,Quinn,31,"Market Harborough, Leicestershire",Children's Clothes Designer,3,IN,'Chelsea Flour Show' Bun Bouquet,"Hidden Carrot Cake (Ground Praline, Beetroot and Walnut)"
4,8,Beca,Lyne,31,"Aldershot, Hampshire",Military Wives' Choir Singer,4,IN,"Potato, Spelt and Rosemary Focaccia",Spiced Butternut Squash and Pecan 'Cheese' Cake
4,8,Christine,Wallace,66,"Didcot, Oxfordshire",Director of an engraving company,5,OUT,"Multi-Seeded Loaf with Pumpkin, Sesame and Sunflower Seeds",Sweet Potato Guitar with Passion Fruit Icing and Marshmallow Fondant
4,9,Kimberley,Wilson,30,London,Psychologist,1,STAR BAKER,Pea Purée TartsCrab and Wasabi ProfiterolesSteamed Buns with Barbecue Chicken,Passion Fruit and Lime Opera Cake
4,9,Frances,Quinn,31,"Market Harborough, Leicestershire",Children's Clothes Designer,2,IN,"Legume Canapés:
Chantenay CarrotsChoux Pastry TomatoesCauliflower Cheese Scones",Great British Soap Opera Cake
4,9,Beca,Lyne,31,"Aldershot, Hampshire",Military Wives' Choir Singer,3,OUT,Stilton and Walnut MacaronsBeetroot and Salmon Choux PuffsWelsh Rarebit Tartlets,Banoffee Opera Cake
4,9,Ruby,Tandoh,20,"Southend, Essex",History of Art and Philosophy Student,4,IN,"Beetroot Jelly on Poppy Seed BiscuitsSpinach, Parmesan and Egg TartletsChoux Buns with Goat's Cheese and Caramelised Onions","Chocolate, Almond Praline and Saffron Opera Cake"
4,10,Kimberley,Wilson,30,London,Psychologist,1,Runner-up,Chicken and Pig Pie,Languages of Love Wedding Cake
4,10,Ruby,Tandoh,20,"Southend, Essex",History of Art and Philosophy Student,2,Runner-up,Picnic Basket Pie,"Raspberry, Lemon and Passion Fruit Wedding Cake"
4,10,Frances,Quinn,31,"Market Harborough, Leicestershire",Children's Clothes Designer,3,WINNER,Rainbow Picnic Pie,Midsummer Night's Dream Wedding Cake
5,1,Nancy,Birtwhistle,60,"Barton-upon-Humber, Lincolnshire",Retired Practice Manager,1,STAR BAKER,Coffee and Hazelnut Swiss Roll,Jaffa Orange Cakes
5,1,Martha,Collison,17,"Ascot, Berkshire",Student,2,IN,Tiramisu Swiss Roll,Mini Lemon and Thyme Drizzle Cakes
5,1,Chetna,Makan,35,"Broadstairs, Kent",Fashion Designer,3,IN,"Cardamom, Pistachio and Coffee Swiss Roll",Tiered Victoria Sponges with Lemon Curd and Raspberry Cream
5,1,Iain,Watters,31,London/Belfast,Construction Engineer,4,IN,Apricot and Basil Swiss Roll with Mascarpone and White Chocolate Cream,"Lemon Drizzle Cakes with Mascarpone Filling, Drizzled Icing, and Candied Lemon"
5,1,Diana,Beard,69,"Alkington, Shropshire",Women's Institute (WI) Judge,5,IN,Mum's Sunday Tea Lemon Curd Swiss Roll,Chocolate Ganache Surprises
5,1,Kate,Henry,41,"Brighton, East Sussex",Furniture Restorer,6,IN,Red Velvet and White Chocolate Swiss Roll,Mini Tiered Victoria Sponges
5,1,Luis,Troyano,42,"Poynton, Cheshire",Graphic Designer,7,IN,Spanish Swiss Roll,Raspberry and Lemon Genoise Slices with Lemon Drizzles
5,1,Claire,Goodwin,31,"Ashton upon Mersey, Trafford",Speech Therapist,8,OUT,Chocolatey Orangey Swirly Roll,Mini Chocolate and Cherry Cakes
5,1,Enwezor,Nzegwu,39,"Portsmouth, Hampshire",Business Consultant,9,IN,Raspberry and Lemon Swiss Roll,Coffee and Walnut Battenberg Squares
5,1,Richard,Burr,38,"Mill Hill, London",Builder,10,IN,Pistachio and Strawberry Swiss Roll,Miniature Coffee & Walnut Cakes
5,1,Norman,Calder,66,"Portknockie, Moray",Retired Naval Officer,11,IN,Black Forest Swiss Roll,Almond and Raspberry Mini Cakes
5,1,Jordan,Cox,32,"Sneinton, Nottingham",IT Manager,12,IN,Kawaii Frasier Swiss Roll,Lemon Drizzle Cakes with Blueberry and Lemon Curd
5,2,Richard,Burr,38,"Mill Hill, London",Builder,1,STAR BAKER,Rosemary Seeded Crackers,Pirates!
5,2,Nancy,Birtwhistle,60,"Barton-upon-Humber, Lincolnshire",Retired Practice Manager,2,IN,Fennel and Rye Thins,Hansel and Gretel Scene
5,2,Luis,Troyano,42,"Poynton, Cheshire",Graphic Designer,3,IN,Black Olive and Rosemary Biscuits with Caramelised Onion Glaze,George Versus The Dragon
5,2,Kate,Henry,41,"Brighton, East Sussex",Furniture Restorer,4,IN,Parmesan and Apple Biscuits,Tea Time
5,2,Martha,Collison,17,"Ascot, Berkshire",Student,5,IN,Caramelised Onion and Goat's Cheese Sandwich Biscuits,Ski Village Scene
5,2,Jordan,Cox,32,"Sneinton, Nottingham",IT Manager,6,IN,"Sourdough, Parmesan and Chilli Biscuits",Monster Attack
5,2,Diana,Beard,69,"Alkington, Shropshire",Women's Institute (WI) Judge,7,IN,Parmesan Triangles,"Express, First Class"
5,2,Chetna,Makan,35,"Broadstairs, Kent",Fashion Designer,8,IN,Fenugreek and Carom Crackers,Day On The Beach
5,2,Enwezor,Nzegwu,39,"Portsmouth, Hampshire",Business Consultant,9,OUT,Pumpkin and Sunflower Savoury Biscuits,Space Adventure Moon Scene
5,2,Norman,Calder,66,"Portknockie, Moray",Retired Naval Officer,10,IN,Farthing Biscuits,Zulu Boats at Dawn
5,2,Iain,Watters,31,London/Belfast,Construction Engineer,11,IN,Za'atar and Fig Biscuits,Wild West Scene
5,3,Kate,Henry,41,"Brighton, East Sussex",Furniture Restorer,1,IN,Orange and Cardamom Rye Bread Knots,"Prosciutto, Olive and Coriander Bread"
5,3,Luis,Troyano,42,"Poynton, Cheshire",Graphic Designer,2,STAR BAKER,Opposites Attract Rolls,Roscón de Reyes
5,3,Martha,Collison,17,"Ascot, Berkshire",Student,3,IN,Date and Walnut Rye Rolls,Stuffed Sunflower Loaf
5,3,Norman,Calder,66,"Portknockie, Moray",Retired Naval Officer,4,IN,Rye Bread Rolls,Chicken and Roasted Vegetable Picnic Loaf
5,3,Nancy,Birtwhistle,60,"Barton-upon-Humber, Lincolnshire",Retired Practice Manager,5,IN,Cider and Walnut Crusty Rolls,'Full English' Stromboli
5,3,Richard,Burr,38,"Mill Hill, London",Builder,6,IN,Rye and Cranberry Rolls,Pesto Pinwheel
5,3,Diana,Beard,69,"Alkington, Shropshire",Women's Institute (WI) Judge,7,IN,Rustic Picnic Rolls,Sharing Savoury Pinwheel
5,3,Chetna,Makan,35,"Broadstairs, Kent",Fashion Designer,8,IN,Onion and Pine Nut Rolls,Rolled and Filled Twin Loaf
5,3,Iain,Watters,31,London/Belfast,Construction Engineer,9,IN,Cranberry and Walnut Rye Bread Rolls,Moroccan Plaited with a Bessara Dip
5,3,Jordan,Cox,32,"Sneinton, Nottingham",IT Manager,10,OUT,Rye and Spelt Bread Rolls,Strawberry Raspberry Cheesecake Brioche
5,4,Martha,Collison,17,"Ascot, Berkshire",Student,1,IN,Peanut Butter Chocolate Fondants,Key Lime Baked Alaska
5,4,Luis,Troyano,42,"Poynton, Cheshire",Graphic Designer,2,IN,Pears in Puddings,Bakewell Alaska
5,4,Chetna,Makan,35,"Broadstairs, Kent",Fashion Designer,3,IN,"Rhubarb, Strawberry and Orange Puddings","Mango, Raspberry and Coconut Baked Alaska"
5,4,Nancy,Birtwhistle,60,"Barton-upon-Humber, Lincolnshire",Retired Practice Manager,4,IN,Pistachio Puddings with Chocolate Sauce,Summer Pudding Alaska
5,4,Richard,Burr,38,"Mill Hill, London",Builder,5,STAR BAKER,Black Forest Chocolate Fondants,Tiramisu Baked Alaska
5,4,Iain,Watters,31,London/Belfast,Construction Engineer,6,OUT,"Chocolate, Lime and Raspberry Fondants","Chocolate, Black Sesame Seed and Coffee Caramel Baked Alaska (not presented)"
5,4,Kate,Henry,41,"Brighton, East Sussex",Furniture Restorer,7,IN,Chocolate and Salted Caramel Molten Puddings,"Pistachio, Raspberry and Chocolate Baked Alaska"
5,4,Norman,Calder,66,"Portknockie, Moray",Retired Naval Officer,8,IN,Mini Sticky Toffee Puddings,Baked Alaska with Strawberry Surprise
5,4,Diana,Beard,69,"Alkington, Shropshire",Women's Institute (WI) Judge,9,IN,Orange and Lemon Curd Pots,Raspberry Ripple Alaska Swan
5,5,Martha,Collison,17,"Ascot, Berkshire",Student,1,IN,"Pistachio, Apricot and Honey Custard Tart",Three Little Pigs Pie
5,5,Chetna,Makan,35,"Broadstairs, Kent",Fashion Designer,2,IN,Rice Custard Tart with Mangoes and Raspberries,Fusion Tiered Pies
5,5,Kate,Henry,41,"Brighton, East Sussex",Furniture Restorer,3,STAR BAKER,Rhubarb and Custard Tart,"Rhubarb, Prune and Apple Pies"
5,5,Nancy,Birtwhistle,60,"Barton-upon-Humber, Lincolnshire",Retired Practice Manager,4,IN,Chocolate Crusted Passion Fruit Tart,Trio of Apple Pies
5,5,Norman,Calder,66,"Portknockie, Moray",Retired Naval Officer,5,OUT,Tarte au Citron,Pieful Tower
5,5,Luis,Troyano,42,"Poynton, Cheshire",Graphic Designer,6,IN,Tropical Manchester Tart,Four Fruity Seasons Tower
5,5,Richard,Burr,38,"Mill Hill, London",Builder,7,IN,Fig and Orange Tart,Three Course Autumn Pie Feast
5,5,Diana,Beard,69,"Alkington, Shropshire",Women's Institute (WI) Judge,NA,WD,NA,NA
5,6,Nancy,Birtwhistle,60,"Barton-upon-Humber, Lincolnshire",Retired Practice Manager,1,IN,Rum Punch Savarin with Coconut Cream and Tropical Fruits,Chocolate and Caramel Dobos Torte
5,6,Chetna,Makan,35,"Broadstairs, Kent",Fashion Designer,2,STAR BAKER,Orange Savarin with Cinnamon Cream,Almond Liqueur Dobos Torte with Chocolate Caramel Buttercream
5,6,Luis,Troyano,42,"Poynton, Cheshire",Graphic Designer,3,IN,Apple and Cinnamon Kugelhopf with Honeyed Apples,The Cage on the Rocky Hill
5,6,Martha,Collison,17,"Ascot, Berkshire",Student,4,IN,Dark Chocolate and Almond Liqueur Savarin,Chess-Themed Chocolate and Salted Caramel Dobos Torte
5,6,Richard,Burr,38,"Mill Hill, London",Builder,5,IN,Fruity Guglhupf with an Orange Glaze,Sugar Forest Dobos Torte
5,6,Kate,Henry,41,"Brighton, East Sussex",Furniture Restorer,6,IN,"Pecan, Chocolate and Sour Cherry Yeast Cake",Trio of Dobos Tortes
5,6,Diana,Beard,69,"Alkington, Shropshire",Women's Institute (WI) Judge,NA,IN,NA,NA
5,7,Richard,Burr,38,"Mill Hill, London",Builder,1,STAR BAKER,Minted Lamb Pasties,"Stair of Éclairs
(Lavender and Blueberry & Rose and Raspberry Éclairs)"
5,7,Nancy,Birtwhistle,60,"Barton-upon-Humber, Lincolnshire",Retired Practice Manager,2,IN,Spicy Duck Pasties,Smoked Salmon and Horseradish & Raspberry Ripple Éclairs
5,7,Martha,Collison,17,"Ascot, Berkshire",Student,3,IN,Mini Beef Wellingtons,Rhubarb and Custard & Maple Syrup and Bacon Éclairs
5,7,Kate,Henry,41,"Brighton, East Sussex",Furniture Restorer,4,OUT,Spinach and Paneer Spicy Samosa,Neapolitan & Lemon Meringue Éclairs
5,7,Luis,Troyano,42,"Poynton, Cheshire",Graphic Designer,5,IN,Childhood Empanadas,"Stars and Stripes Éclairs
(Blueberry Cheesecake & Peanut Butter and Jelly Éclairs)"
5,7,Chetna,Makan,35,"Broadstairs, Kent",Fashion Designer,6,IN,Crispy Lentil Kachori,Chocolate and Mango & Lemon Meringue Éclairs
5,7,Diana,Beard,69,"Alkington, Shropshire",Women's Institute (WI) Judge,NA,IN,NA,NA
5,8,Chetna,Makan,35,"Broadstairs, Kent",Fashion Designer,1,IN,Date and Walnut Swirl Bread,Chocolate Mousse Filled DoughnutsBraided Doughnuts
5,8,Luis,Troyano,42,"Poynton, Cheshire",Graphic Designer,2,IN,Black Forest Cherry Tree,"Cocktail Doughnuts
(Mudslide & Raspberry Mojito)"
5,8,Nancy,Birtwhistle,60,"Barton-upon-Humber, Lincolnshire",Retired Practice Manager,3,IN,Lincolnshire Plum Braid,"Doughnut Family Tree
(Limoncello and Almond & Milk Chocolate and Orange)"
5,8,Richard,Burr,38,"Mill Hill, London",Builder,4,STAR BAKER,Fruit Swedish Tea Ring,Rhubarb and Custard and Toffee Apple Doughnuts
5,8,Martha,Collison,17,"Ascot, Berkshire",Student,5,OUT,Spiced Plum Iced Bread Swirl,Glazed Lemon & Poppy Seed DoughnutsChocolate & Passion Fruit Doughnuts
5,8,Diana,Beard,69,"Alkington, Shropshire",Women's Institute (WI) Judge,NA,IN,NA,NA
5,9,Luis,Troyano,42,"Poynton, Cheshire",Graphic Designer,1,IN,Indian Rose BaklavaHalwa Baklava Rolls,"Chocolate Mousse & Cherry EntremetsPomegranate, Fig & Pistachio Sponges"
5,9,Richard,Burr,38,"Mill Hill, London",Builder,2,STAR BAKER,Rose and Pistachio BaklavaWalnut and Almond Baklava,Hazelnut Mocha EntremetsPink Grapefruit Entremets
5,9,Nancy,Birtwhistle,60,"Barton-upon-Humber, Lincolnshire",Retired Practice Manager,3,IN,Coffee and Chocolate BaklavaBreakfast Baklava,Raspberry NonnettesLime and Passion Fruit Entremets
5,9,Chetna,Makan,35,"Broadstairs, Kent",Fashion Designer,4,OUT,Chocolate Orange Baklava Masala Chai Baklava,"Chocolate, Orange & Nut EntremetsCappuccino Entremets"
5,9,Diana,Beard,69,"Alkington, Shropshire",Women's Institute (WI) Judge,NA,IN,NA,NA
5,10,Nancy,Birtwhistle,60,"Barton-upon-Humber, Lincolnshire",Retired Practice Manager,1,WINNER,Apple and Lemon KitesRaspberry and Almond Croissants,Red Windmill
5,10,Luis,Troyano,42,"Poynton, Cheshire",Graphic Designer,2,Runner-up,"Apple, Walnut, Raisin and Cheshire Cheese ChaussonsPain au Chocolat Blanc with Raspberries and Cream Cheese",Village in Chocolate
5,10,Richard,Burr,38,"Mill Hill, London",Builder,3,Runner-up,Pear Pain au ChocolatPain Au Lait,Mill on the Hill
5,10,Diana,Beard,69,"Alkington, Shropshire",Women's Institute (WI) Judge,NA,IN,NA,NA
6,1,Ugnė,NA,NA,NA,NA,1,IN,Lemon and Thyme Madeira Cake,Falling Cup Gâteau
6,1,Alvin,Magallanes,37,"Bracknell, Berkshire",Nurse,2,IN,Orange Vanilla and Fig Madeira Cake,Black Forest Gâteau
6,1,Marie,Campbell,66,"Auchterarder, Perthshire",Retired,3,STAR BAKER,Zingy Citrus Madeira Cake,A Walk in the Black Forest
6,1,Tamal,Ray,29,Manchester,Trainee anaesthetist,4,IN,Pistachio and Rose Madeira Cake,Black Forest Gâteau in a Chocolate Shell
6,1,Dorret,Conway,53,"Penwortham, Lancashire",Accountant,5,IN,Madeira Cake with Candied Lemons,Enchanted Forest Gâteau
6,1,Flora,Shedden,19,"Dunkeld, Perth and Kinross",Art gallery assistant,6,IN,Blood Orange Madeira Cake,Black Forest Gâteau
6,1,Mat,Riley,37,London,Fire fighter,7,IN,Gin and Tonic Madeira Cake,Black Forest Gateau
6,1,Ian,Cumming,41,"Great Wilbraham, Cambridgeshire",Travel photographer,8,IN,Somewhere West of Madeira Cake,Black Forest Cherry Tree
6,1,Sandy,Docherty,49,"Yeadon, West Yorkshire",Child welfare officer,9,IN,Madeira Cake with Almond Liqueur and Chopped Apricots,Black Forest Gâteau
6,1,Paul,Jagger,49,"Swansea, Wales",Prison governor,10,IN,"Lemon, Ginger and Caraway Seed Madeira Cake",Black Forest Chocolate Creation
6,1,Stu,Henshall,35,"Guildford, Surrey",Professional musician,11,OUT,Marley Madeira Cake,Purple Forest Gâteau
6,1,Nadiya,Hussain,30,Leeds / Luton,Full-time mother,12,IN,Orange and Green Cardamom Madeira Cake,Quadruple Chocolate Black Forest Gâteau
6,2,Dorret,Conway,53,"Penwortham, Lancashire",Accountant,1,IN,Almond and Apricot Biscotti with Amber Sugar Crystals,Box of Frogs
6,2,Flora,Shedden,19,"Dunkeld, Perth and Kinross",Art gallery assistant,2,IN,Wedding Biscotti,Honey and Earl Grey Tea Box
6,2,Ian,Cumming,41,"Great Wilbraham, Cambridgeshire",Travel photographer,3,STAR BAKER,"Orange, Rosemary and Almond Biscotti",Sandwich de la Confiture
6,2,Sandy,Docherty,49,"Yeadon, West Yorkshire",Child welfare officer,4,IN,Chocolate Chunk and Hazelnut Biscotti,Sundried Tomato Cheese Biscuit Box
6,2,Mat,Riley,37,London,Fire fighter,5,IN,"Pistachio, Cranberry and White Chocolate Biscotti",Gingerbread Fire Engine
6,2,Alvin,Magallanes,37,"Bracknell, Berkshire",Nurse,6,IN,"Jackfruit, Pistachio and Macadamia Biscotti",Gingerbread Box filled with Brandy Snaps
6,2,Ugnė,NA,NA,NA,NA,7,IN,White Wine Biscotti,Baby Climbing into the Cookie Box
6,2,Tamal,Ray,29,Manchester,Trainee anaesthetist,8,IN,"Cinnamon, Maple and Cranberry Biscotti",Chessboard Box
6,2,Nadiya,Hussain,30,Leeds / Luton,Full-time mother,9,IN,"Coconut, Fennel and Pistachio Biscotti",Box of Fortunes
6,2,Paul,Jagger,49,"Swansea, Wales",Prison governor,10,IN,"Chocolate, Hazelnut and Fig Biscotti",Memory Box
6,2,Marie,Campbell,66,"Auchterarder, Perthshire",Retired,11,OUT,Biscotti Italiano,Russian Box
6,3,Ian,Cumming,41,"Great Wilbraham, Cambridgeshire",Travel photographer,1,STAR BAKER,Wild Garlic Pesto Soda Breads,Flour Power
6,3,Flora,Shedden,19,"Dunkeld, Perth and Kinross",Art gallery assistant,2,IN,Fig and Hazelnut Rye Breads,Herb Couture
6,3,Tamal,Ray,29,Manchester,Trainee anaesthetist,3,IN,"Fig, Cheese and Walnut Breads",Breadcycle
6,3,Alvin,Magallanes,37,"Bracknell, Berkshire",Nurse,4,IN,"Prosciutto, Manchego and Balsamic Onion Soda Breads",Cornucopia
6,3,Ugnė,NA,NA,NA,NA,5,IN,Chocolate Quick Breads with Salted Caramel Sauce,Easter Basket
6,3,Dorret,Conway,53,"Penwortham, Lancashire",Accountant,6,OUT,Walnut and Stilton Soda Breads,Unmade Bread
6,3,Sandy,Docherty,49,"Yeadon, West Yorkshire",Child welfare officer,7,IN,Soda Breads with Smoked Bacon and Onion,Basket of Bread Flowers with a Walnut and Blue Cheese Centre
6,3,Mat,Riley,37,London,Fire fighter,8,IN,"Jalapeño, Mexican Cheddar and Smoked Salt Soda Breads",Curry Inspired Brighton Pavilion
6,3,Nadiya,Hussain,30,Leeds / Luton,Full-time mother,9,IN,Mexican Bread with Warm Tomato Salsa,Snake Charmer's Basket
6,3,Paul,Jagger,49,"Swansea, Wales",Prison governor,10,IN,Cranberry and Orange Sweet Soda Breads,King of the Jungle
6,4,Paul,Jagger,49,"Swansea, Wales",Prison governor,1,IN,Almond Crème Brûlées,Berry Cheesecake Tower
6,4,Ugnė,NA,NA,NA,NA,2,IN,Marula Fruit and Coffee Liqueur Crème Brûlées,"Lime, Coconut and Hazelnut Cheesecakes"
6,4,Flora,Shedden,19,"Dunkeld, Perth and Kinross",Art gallery assistant,3,IN,Rhubarb and Ginger Crème Brûlées,Elderflower and Granola Cheesecakes
6,4,Ian,Cumming,41,"Great Wilbraham, Cambridgeshire",Travel photographer,4,STAR BAKER,Pomegranate Two Ways Crème Brûlées,Trio of Spicy and Herby Baked Cheesecakes
6,4,Tamal,Ray,29,Manchester,Trainee anaesthetist,5,IN,Rhubarb and Ginger Crème Brûlées,"Mango, Hazelnut and Rosemary Cheesecake Trio"
6,4,Sandy,Docherty,49,"Yeadon, West Yorkshire",Child welfare officer,6,OUT,Pontefract Crème Brûlées,"Cassata, Whisky and Orange & Apple Pie Cheesecakes"
6,4,Mat,Riley,37,London,Fire fighter,7,IN,Coconut Crème Brûlées,Chocolate Bar Cheesecakes
6,4,Nadiya,Hussain,30,Leeds / Luton,Full-time mother,8,IN,Cinnamon Tea Crème Brûlées,Fizzy Pop Cheesecakes
6,4,Alvin,Magallanes,37,"Bracknell, Berkshire",Nurse,9,IN,Blackberry Crème Brûlées,Tower of Fruits Cheesecakes
6,5,Nadiya,Hussain,30,Leeds / Luton,Full-time mother,1,STAR BAKER,Naked Blueberry and Caraway Crunch Cake,Chocolate and Strawberry Lime Ice Cream Roll
6,5,Paul,Jagger,49,"Swansea, Wales",Prison governor,2,IN,Carrot & Pecan Cake,Dessert Island Getaway
6,5,Flora,Shedden,19,"Dunkeld, Perth and Kinross",Art gallery assistant,3,IN,"Pistachio, Apple and Cardamom Madeleine Cake",Chocolate and Pear Bûche
6,5,Mat,Riley,37,London,Fire fighter,4,IN,Sugar Free Carrot Cake,Raspberry and Coconut Ice Cream Roll
6,5,Ian,Cumming,41,"Great Wilbraham, Cambridgeshire",Travel photographer,5,IN,Honey and Flowers Cake,Dessert Island
6,5,Ugnė,NA,NA,NA,NA,6,OUT,Chocolate and Hazelnut Sugar-Free Cake,"Chocolate, Peanut Butter and Grape Jam Roll"
6,5,Tamal,Ray,29,Manchester,Trainee anaesthetist,7,IN,Honey and Grapefruit Polenta Cake,Passion Fruit and Pineapple Ice Cream Roll
6,5,Alvin,Magallanes,37,"Bracknell, Berkshire",Nurse,8,IN,Pineapple Upside Down Cake,"Buko Pandan, Mango and Passion Fruit Ice Cream Roll"
6,6,Mat,Riley,37,London,Fire fighter,1,STAR BAKER,Piña Colada Frangipane Tart,His 'n' Hers Vol-au-vents
6,6,Flora,Shedden,19,"Dunkeld, Perth and Kinross",Art gallery assistant,2,IN,Apricot and Rosemary Frangipane Tart,Asparagus and Parma Ham and Praline and Chocolate Vol-au-vents
6,6,Ian,Cumming,41,"Great Wilbraham, Cambridgeshire",Travel photographer,3,IN,Pear and Raspberry Frangipane Tart,vol-au-vents Terre et Mer
6,6,Nadiya,Hussain,30,Leeds / Luton,Full-time mother,4,IN,"Bay Leaf, Rong Tea and Pear Tart",Bengali Korma and Clementine with Cod Vol-au-vents
6,6,Paul,Jagger,49,"Swansea, Wales",Prison governor,5,IN,Christmas Frangipane Tart,Savoury and Sweet Bouchées
6,6,Alvin,Magallanes,37,"Bracknell, Berkshire",Nurse,6,OUT,Plum Frangipane Tart,Smoked Salmon En Croûte and Vermouth Chicken à la King Vol-au-vents
6,6,Tamal,Ray,29,Manchester,Trainee anaesthetist,7,IN,Spiced Pear Frangipane Tart,Fennel and Rosemary Pulled Pork and Chicken and Coriander vol-au-vents
6,7,Nadiya,Hussain,30,Leeds / Luton,Full-time mother,1,IN,Aromatic Raised Game Pie,Mango and Raspberry Charlotte Russe
6,7,Paul,Jagger,49,"Swansea, Wales",Prison governor,2,IN,Not a Boaring Pie,Charlotte Rose
6,7,Tamal,Ray,29,Manchester,Trainee anaesthetist,3,STAR BAKER,Middle Eastern Game Pie,"Spiced Blackberry, Raspberry and Cardamom Charlotte Russe"
6,7,Flora,Shedden,19,"Dunkeld, Perth and Kinross",Art gallery assistant,4,IN,Game Pie with Shallot and Apple Chutney,"Raspberry, Pomegranate and Champagne Charlotte Russe"
6,7,Ian,Cumming,41,"Great Wilbraham, Cambridgeshire",Travel photographer,5,IN,Roadkill Pie,Victoria's Crown Charlotte Russe
6,7,Mat,Riley,37,London,Fire fighter,6,OUT,Raised Venison and Pigeon Pie,Strawberry Charlotte Russe
6,8,Nadiya,Hussain,30,Leeds / Luton,Full-time mother,1,STAR BAKER,Rose Pistachio and Mocha Hazelnut Horns,Bubble Gum and Peppermint Cream Religieuse à l'ancienne
6,8,Ian,Cumming,41,"Great Wilbraham, Cambridgeshire",Travel photographer,2,IN,Mont Blanc & Black Forest Gâteau Horns,Nun with Hidden Passions
6,8,Flora,Shedden,19,"Dunkeld, Perth and Kinross",Art gallery assistant,3,IN,Peach & Lemon Thyme and Smoked Almond & Butterscotch Cream Horns,Lime & Basil and Coconut & White Chocolate Religieuse à l'ancienne
6,8,Tamal,Ray,29,Manchester,Trainee anaesthetist,4,IN,Lime & Mascarpone and Malt Cream Horns,Passionfruit & Mango and Pistachio & Raspberry Religieuse à l'ancienne
6,8,Paul,Jagger,49,"Swansea, Wales",Prison governor,5,OUT,Café Tipple & Banana Crunch-away Horns,Religieuse à l'ancienne
6,9,Flora,Shedden,19,"Dunkeld, Perth and Kinross",Art gallery assistant,1,OUT,Passion Fruit and Chocolate Tart,Cocoa Carousel
6,9,Tamal,Ray,29,Manchester,Trainee anaesthetist,2,IN,Chocolate New York Pie,Chocolate Bell Tower
6,9,Ian,Cumming,41,"Great Wilbraham, Cambridgeshire",Travel photographer,3,IN,Chocolate and Bay Tart,Chocolate Well
6,9,Nadiya,Hussain,30,Leeds / Luton,Full-time mother,4,STAR BAKER,Peanut Salted Caramel and Chocolate Tart,Peacock in Nan's Door
6,10,Nadiya,Hussain,30,Leeds / Luton,Full-time mother,1,WINNER,Cardamom and Almond Buns & Nutmeg and Sour Cherry Fingers,My Big Fat British Wedding Cake
6,10,Ian,Cumming,41,"Great Wilbraham, Cambridgeshire",Travel photographer,2,Runner-up,Elderflower and Lemon & Spiced Buns,Colossal Curvy Carrot Cake
6,10,Tamal,Ray,29,Manchester,Trainee anaesthetist,3,Runner-up,Cinnamon and Apple & Toffee and Marmalade Iced Buns,Sticky Toffee Pudding Cake
7,1,Selasi,Gbormittah,30,London,Client service associate,1,IN,Citrus and Spice Drizzle Cake,"Raspberry, Sloe and White Chocolate Mirror Glaze Cake"
7,1,Tom,Gilliford,26,Rochdale,Project engagement manager,2,IN,G&T Drizzle Cake,Black Forest Broken Mirror
7,1,Michael,Georgiou,20,Durham,Student,3,IN,"Lime, Ginger and Honey Drizzle Cake",Matcha Tea Chocolate Mirror Glaze
7,1,Kate,Barmby,37,"Brooke, Norfolk",Nurse,4,IN,Berry Best Apple and Bramble Drizzle Cake,One Swallow Does Not Make A Summer Cake
7,1,Candice,Brown,31,"Barton-Le-Clay, Bedfordshire",PE teacher,5,IN,Raspberry and Rhubarb Drizzle Custard Bundt Cake,"Mirror Mirror On The Wall, Who Is The Shiniest Cake Of Them All?"
7,1,Benjamina,Ebuehi,23,South London,Teaching assistant,6,IN,"Pistachio, Cardamom and Lemon Drizzle Cake",White Chocolate Mirror Glaze with Salted Praline Buttercream
7,1,Jane,Beedle,61,Beckenham,Garden designer,7,STAR BAKER,Lemon and Poppy Seed Drizzle Cake,Chocolate Orange Mirror Cake
7,1,Rav,Bansal,28,Erith,Student support,8,IN,Ginger Spice Yuzu Drizzle Cake,Colombian Mocha Mirror Glaze Cake
7,1,Louise,Williams,46,Cardiff,Hairdresser,9,IN,Orange Liqueur and Lemonade Drizzle Cake,White Chocolate Trifle Mirror Glaze Cake
7,1,Val,Stones,66,Yeovil,"Semi-retired, Substitute teacher",10,IN,Mum's Orange and Lemon Drizzle,Chocolate Sponge with Four Fruit Frosting
7,1,Lee,Banfield,67,Bolton,Pastor,11,OUT,St. Clements Orange and Lemon Drizzle Cake,Strawberry Surprise Mirror Cake
7,1,Andrew,Smyth,25,"Derby / Holywood, County Down",Aerospace engineer,12,IN,Lemon and Rosemary Drizzle Cake,'Ultimate Indulgence' Mirror Glaze Cake
7,2,Kate,Barmby,37,"Brooke, Norfolk",Nurse,1,IN,"""A Biscuit for the Broads""","""I Promise I will do my best"""
7,2,Jane,Beedle,61,Beckenham,Garden designer,2,IN,Flower Pot Iced Biscuits,Hastings Old Town Fishing Net Shops and Boat
7,2,Benjamina,Ebuehi,23,South London,Teaching assistant,3,IN,Bouquet Biscuits,"New York, New York"
7,2,Andrew,Smyth,25,"Derby / Holywood, County Down",Aerospace engineer,4,IN,Beehive Biscuits,Punting in Cambridge
7,2,Val,Stones,66,Yeovil,"Semi-retired, Substitute teacher",5,IN,Sunday Treat Iced Ice Cream Cone Biscuits,From Holland to New York via Yorkshire
7,2,Rav,Bansal,28,Erith,Student support,6,IN,Union Jack Bunting Biscuits,Gingerbread Christmas Fairground
7,2,Tom,Gilliford,26,Rochdale,Project engagement manager,7,IN,Chai Frappelatteccino Biscuits,Tom and Pod's Near Death Experience
7,2,Candice,Brown,31,"Barton-Le-Clay, Bedfordshire",PE teacher,8,STAR BAKER,"Salted Caramel, Chocolate Iced Shiny Hearts",Gingerbread Pub with Sticky Ginger Carpet
7,2,Michael,Georgiou,20,Durham,Student,9,IN,"Malt, Chocolate and Orange Iced ""Beer"" Biscuits",Trip to See Santa in Lapland
7,2,Louise,Williams,46,Cardiff,Hairdresser,10,OUT,Baa Bara Brith Biscuits,Gingerbread Wedding
7,2,Selasi,Gbormittah,30,London,Client service associate,11,IN,"""Wheelie Hot Iced Biscuits""",Stained Glass Window Gingerbread Church
7,3,Val,Stones,66,Yeovil,"Semi-retired, Substitute teacher",1,IN,Double Chocolate Cinnamon Twist Loaf,"""And They All Went Into The Ark To Get Out Of The Rain"""
7,3,Andrew,Smyth,25,"Derby / Holywood, County Down",Aerospace engineer,2,IN,Chocolate Barmbrack Bread,Braided Harvest Bread Basket
7,3,Candice,Brown,31,"Barton-Le-Clay, Bedfordshire",PE teacher,3,IN,"Chocolate, Salted Caramel & Pecan Brittle Brioche Loaf",Italian Light and Dark Rye Twist
7,3,Tom,Gilliford,26,Rochdale,Project engagement manager,4,STAR BAKER,Chocolate Orange and Chilli Swirl Bread,Jörmungandr and Mjölnir
7,3,Selasi,Gbormittah,30,London,Client service associate,5,IN,"Chocolate, Orange and Cinnamon Bread",Bedouin Escape Tear and Share Bread
7,3,Benjamina,Ebuehi,23,South London,Teaching assistant,6,IN,"Chocolate, Tahini and Almond Babka",Braided Bread Heart
7,3,Michael,Georgiou,20,Durham,Student,7,OUT,Chocolate and Chilli Swirl Plait,Cypriot Dove and Olive Branch Plaited Loaf with Houmous
7,3,Kate,Barmby,37,"Brooke, Norfolk",Nurse,8,IN,Cobbled Loaf,The Corn Maiden
7,3,Jane,Beedle,61,Beckenham,Garden designer,9,IN,Chocolate and Cranberry Couronne,Chorizo and Chilli Flower with Parmesan and Pesto Centre
7,3,Rav,Bansal,28,Erith,Student support,10,IN,"Chocolate, Cardamom and Hazelnut Loaf",Three Tier Diwali Bread Centrepiece
7,4,Benjamina,Ebuehi,23,South London,Teaching assistant,1,STAR BAKER,"Red Onion Chutney, Brie and Bacon Yorkshire Puddings",Tropical Churros
7,4,Candice,Brown,31,"Barton-Le-Clay, Bedfordshire",PE teacher,2,IN,Yorkshire Wellingtons,Two-Way Peanut Butter Churros
7,4,Jane,Beedle,61,Beckenham,Garden designer,3,IN,Meat and Two Veg Yorkshires,Pistachio and White Chocolate Churros
7,4,Andrew,Smyth,25,"Derby / Holywood, County Down",Aerospace engineer,4,IN,Yorkshire 'Tapas' Puddings,Churros Window Box
7,4,Tom,Gilliford,26,Rochdale,Project engagement manager,5,IN,West Yorkshire Fusion Puddings,Fennel Churros Snake In The Grass
7,4,Val,Stones,66,Yeovil,"Semi-retired, Substitute teacher",6,IN,Mum's Chilli Yorkshire Puddings,Orange Chocolate Churros
7,4,Kate,Barmby,37,"Brooke, Norfolk",Nurse,7,OUT,Christmas Dinner Compromise,Hot Cross Bunny Churros
7,4,Selasi,Gbormittah,30,London,Client service associate,8,IN,Perfect Sunday Roast Accompaniment,Lemon and Anise Churros
7,4,Rav,Bansal,28,Erith,Student support,9,IN,Thai Tofu Panang Yorkshires,Three Dip Matcha Pistachio Churros
7,5,Jane,Beedle,61,Beckenham,Garden designer,1,IN,"Orange Pain au Raisins, Raspberry, Chocolate and Almond Danish","Roquefort, Fig and Walnut Parcels and Cherry and Chocolate Cones"
7,5,Candice,Brown,31,"Barton-Le-Clay, Bedfordshire",PE teacher,2,STAR BAKER,"Danish Pastry Croque Monsieur Kites and Cinnamon Apple, Vanilla Crème Rose Danish","Sausage, Black Pudding and Apple Rounds and Banoffee Whiskey Cups"
7,5,Selasi,Gbormittah,30,London,Client service associate,3,IN,"Rhubarb, Mango and Ginger Plait, and Pineapple and Coconut Pinwheels","Parma Ham, Asparagus and Cheese Filo Cigars and Coffee Cream Filo Cups"
7,5,Tom,Gilliford,26,Rochdale,Project engagement manager,4,IN,Mega Breakfast Bonanzas; Granola Spirals and Wheat Foldovers,Yin and Yang Amuse-bouche
7,5,Benjamina,Ebuehi,23,South London,Teaching assistant,5,IN,'Good Morning America' Swirls and Peanut Butter and Banana Pinwheels,Plantain and Spinach Samosas and Chai Pear Cups
7,5,Andrew,Smyth,25,"Derby / Holywood, County Down",Aerospace engineer,6,IN,Mum and Dad's Breakfast Pastries,Spicy Chorizo Squash Parcels and Baklava Bites
7,5,Val,Stones,66,Yeovil,"Semi-retired, Substitute teacher",7,OUT,"Pecan and Maple Syrup Pinwheels and Apple, Sultana and Cinnamon Swirls","Caramelised Red Onion, Goats Cheese Tartlets and Mincemeat and Apple Spiced Parcels"
7,5,Rav,Bansal,28,Erith,Student support,8,IN,"Cinnamon Swirls and Pecan, Walnut and Maple Plaits",Chinese Style Prawn Filo Tartlets and Spiced White Chocolate and Hazelnut Samosas
7,6,Tom,Gilliford,26,Rochdale,Project engagement manager,1,STAR BAKER,Blood Orange Halloween Pumpkin Pie,Floral Tea Cake
7,6,Benjamina,Ebuehi,23,South London,Teaching assistant,2,IN,Grapefruit and Ginger Meringue Pie,Floral Tea Cake
7,6,Rav,Bansal,28,Erith,Student support,3,OUT,Mandarin Margarita Meringue Pie,Blossom Cake
7,6,Jane,Beedle,61,Beckenham,Garden designer,4,IN,Lime and Coconut Meringue Pie,Three Tier Orange Cake with a Floral Chocolate Collar
7,6,Candice,Brown,31,"Barton-Le-Clay, Bedfordshire",PE teacher,5,IN,"Lime, Coconut and Lemongrass Sugar Meringue Pie",Four Seasons Cake
7,6,Andrew,Smyth,25,"Derby / Holywood, County Down",Aerospace engineer,6,IN,Tangy Lime and Ginger Meringue Pie,Spring Elderflower Trio
7,6,Selasi,Gbormittah,30,London,Client service associate,7,IN,"Grapefruit, Orange and Mint Meringue Pie",Three Tiered Ombré Floral Cake
7,7,Andrew,Smyth,25,"Derby / Holywood, County Down",Aerospace engineer,1,STAR BAKER,Tropical Holiday Roulade,Childhood Ice Cream Mousse Cakes
7,7,Candice,Brown,31,"Barton-Le-Clay, Bedfordshire",PE teacher,2,IN,Crowd Pleaser Roulade,Blackberry and Raspberry Bubbles and After Dinner Mousse
7,7,Benjamina,Ebuehi,23,South London,Teaching assistant,3,IN,Piña Colada Roulade,Apple Crumble Mousse Cake and Chocolate Coffee Mousse Cake
7,7,Jane,Beedle,61,Beckenham,Garden designer,4,IN,Chocolate and Hazelnut Roulade,"Chocolate, Coffee, and Vanilla Joconde Cakes and Blackcurrant and Vanilla Ombre Mousses"
7,7,Tom,Gilliford,26,Rochdale,Project engagement manager,5,OUT,Millionaire's Roulade,Hipster Picnic
7,7,Selasi,Gbormittah,30,London,Client service associate,6,IN,Summer Picnic Roulade,"Lemon, Strawberry and Passionfruit and Chocolate and Mint Mini Mousse Cakes"
7,8,Candice,Brown,31,"Barton-Le-Clay, Bedfordshire",PE teacher,1,STAR BAKER,Cheesy Cheeky Fish Pies,Peacock
7,8,Andrew,Smyth,25,"Derby / Holywood, County Down",Aerospace engineer,2,IN,Da Vinci Inspired Geared Pies,Jousting Knights Marchpane
7,8,Selasi,Gbormittah,30,London,Client service associate,3,IN,Bouquet of Flowers,Fruity Tudor Marchpane
7,8,Benjamina,Ebuehi,23,South London,Teaching assistant,4,OUT,Mexican Adventure,Tudor Garden
7,8,Jane,Beedle,61,Beckenham,Garden designer,5,IN,Tudor Rose Pies,Swans
7,9,Jane,Beedle,61,Beckenham,Garden designer,1,IN,"Pesto and Sundried Tomato Palmiers and Goats Cheese, Olive and Parma Ham Palmiers",Pistachio and Raspberry Fondant Fancies and Lemon Curd Surprise Fondant Fancies
7,9,Andrew,Smyth,25,"Derby / Holywood, County Down",Aerospace engineer,2,STAR BAKER,Cheesy Elephant Ears and Herby Treble Clefs,Philharmonic Fondants
7,9,Candice,Brown,31,"Barton-Le-Clay, Bedfordshire",PE teacher,3,IN,"Red Onion, Cambozola and Walnut Palmiers and Mushroom, Streaky Bacon, and Parmesan Palmiers",Chocolate Praline Fondant Fancies and Cherry Bakewell Fondant Fancies
7,9,Selasi,Gbormittah,30,London,Client service associate,4,OUT,"Sundried Tomato, Onion, Peppers and Parmesan Palmiers and Salmon, Spinach and Mushroom Palmiers",Lime and Ginger Fondant Fancies and Pink Velvet and Raspberry Prosecco Fondant Fancies
7,10,Andrew,Smyth,25,"Derby / Holywood, County Down",Aerospace engineer,1,Runner-up,Crunchy Caramel Cassis Crown,Family and Friends' Favourites Picnic
7,10,Candice,Brown,31,"Barton-Le-Clay, Bedfordshire",PE teacher,2,WINNER,Queen Victoria's Mango and Strawberry Crown,Picnic for Pearly Kings and Queens
7,10,Jane,Beedle,61,Beckenham,Garden designer,3,Runner-up,"Red, White and Blue Meringue Crown",Family Favourites Feast
8,1,Kate,Lyon,29,Merseyside,Health and safety inspector,1,IN,Moroccan Strawberry and Rose Cake,'Chocolate Terrarium' Cake
8,1,James,Hillery,46,"Brentwood, Essex",Banker,2,IN,"Orange, Rhubarb & Ginger Crumble Cake",'Mock-accino and Croissant' Cake
8,1,Julia,Chernogorova,21,"Crawley, West Sussex",Aviation Broker,3,IN,Courgette and Lemon Cake,'Russian Doll' Cake
8,1,Yan,Tsou,46,North London,Laboratory research scientist,4,IN,Windfall Apple Crumble Cake,'Banana-ramen' Cake
8,1,Sophie,Faldo,33,"West Molesey, Surrey",Former army officer and trainee stuntwoman,5,IN,Pineapple and Coconut Sandwich Cake,'Champagne Bottle and Bucket' Cake
8,1,Steven,Carter,34,"Watford, Hertfordshire",Marketer,6,STAR BAKER,Bonfire Night Cake,'A Baker's Lunch' Cake
8,1,Tom,Hetherington,29,Edinburgh,Architect,7,IN,Gilded Pear and Cardamom Cake,'Stack of Books' Cake
8,1,Liam,Charles,19,North London,Student,8,IN,Apple and Almond Crumble Maple Loaf,'Stackin' Sunday' Cake
8,1,Flo,Atkins,71,Merseyside,Retired,9,IN,Citrus Layer Cake,'One in a Melon' Cake
8,1,Peter,Abatan,52,"Southend, Essex",IT programme manager,10,OUT,Coconut Cake,'Bread on a Breadboard' Cake
8,1,Stacey,Hart,42,"Radlett, Hertfordshire",Former school teacher,11,IN,Granny Smith Apple and Walnut Cake,'Black Evening Clutch Bag' Cake
8,1,Chris,Geiger,50,Bristol,Software developer,12,IN,Tropical Fresh Fruit Cake,'Raised Pork Pie and Egg Surprise' Cake
8,2,Yan,Tsou,46,North London,Laboratory research scientist,1,IN,'Mrs. Marian's PB 'n' B' Biscuits,'Adventures in Bakeland' Game
8,2,Sophie,Faldo,33,"West Molesey, Surrey",Former army officer and trainee stuntwoman,2,IN,Lemon Limoncino Sandwich Biscuits,'Snakes and Ladders' Game
8,2,James,Hillery,46,"Brentwood, Essex",Banker,3,IN,Rhubarb and Custard Whirls,'Coppit' Game
8,2,Julia,Chernogorova,21,"Crawley, West Sussex",Aviation Broker,4,IN,Middle Eastern Delight Sandwich Biscuits,'A British Baking' Game
8,2,Tom,Hetherington,29,Edinburgh,Architect,5,IN,Coffee and Amaretto Kisses,'Drain Pipes and Ladders' Game
8,2,Steven,Carter,34,"Watford, Hertfordshire",Marketer,6,STAR BAKER,Amarpressi Biscuits,'Check Bake' Game
8,2,Liam,Charles,19,North London,Student,7,IN,Coffee Malted Pecan Shorties,'Classroom Classics' Game
8,2,Kate,Lyon,29,Merseyside,Health and safety inspector,8,IN,Coconut Seashells for a Titanic Afternoon Tea,'Jungle' Game
8,2,Stacey,Hart,42,"Radlett, Hertfordshire",Former school teacher,9,IN,Sparkly Chocolate and Marshmallow Fluff Cookies,'Get to School' Game
8,2,Flo,Atkins,71,Merseyside,Retired,10,IN,Gin Jam Butties,'Pick My Bones' Game
8,2,Chris,Geiger,50,Bristol,Software developer,11,OUT,Chocolate Chia Seed Biscuits with Whisky Caramel Filling,'The Great British Sail Off' Game
8,3,Stacey,Hart,42,"Radlett, Hertfordshire",Former school teacher,1,IN,Cranberry and Cinnamon Teacakes,'Ascot Hat' Bread Sculpture
8,3,Julia,Chernogorova,21,"Crawley, West Sussex",Aviation Broker,2,STAR BAKER,Earl Grey Dried Fruit Teacakes,'The Snail Under a Mushroom' Bread Sculpture
8,3,Steven,Carter,34,"Watford, Hertfordshire",Marketer,3,IN,Madras Cocktail Teacakes,'The Bag I Knead' Bread Sculpture
8,3,Tom,Hetherington,29,Edinburgh,Architect,4,IN,Orange and Cranberry Teacakes,'Pink & Yellow Rose Centrepiece' Bread Sculpture
8,3,Liam,Charles,19,North London,Student,5,IN,Jamaican Spiced Teacakes,'Kneadapolitan' Bread Sculpture
8,3,Sophie,Faldo,33,"West Molesey, Surrey",Former army officer and trainee stuntwoman,6,IN,Tagine Teacakes,'Picnic Basket' Bread Sculpture
8,3,Flo,Atkins,71,Merseyside,Retired,7,OUT,Cinnamon and Orange Teacakes,'Davy Jones' Locker' Bread Sculpture
8,3,Yan,Tsou,46,North London,Laboratory research scientist,8,IN,'Mrs P's' Masala Chai Spiced Teacakes,'Basil the Vegetarian Dragon with his Pumpkin Hoard' Bread Sculpture
8,3,James,Hillery,46,"Brentwood, Essex",Banker,9,IN,Nordic Teacakes,'Owl in the Woods' Bread Sculpture
8,3,Kate,Lyon,29,Merseyside,Health and safety inspector,10,IN,Blueberry Buns,'Kraken' Bread Sculpture
8,4,Stacey,Hart,42,"Radlett, Hertfordshire",Former school teacher,1,IN,Rum Salted Caramel Millionaire Shortbreads,Chocolate and Coffee Caramel Cake
8,4,James,Hillery,46,"Brentwood, Essex",Banker,2,IN,'Windy City' Millionaire Shortbreads,Nutty Caramel Cake
8,4,Liam,Charles,19,North London,Student,3,IN,Salted Peanut Butter Millionaire Shortbreads,White Layered Ginger Caramel Cake
8,4,Sophie,Faldo,33,"West Molesey, Surrey",Former army officer and trainee stuntwoman,4,IN,Jaffa Millionaire Shortbreads,Bird's Nest Caramel Cake
8,4,Tom,Hetherington,29,Edinburgh,Architect,5,OUT,Stem Ginger Caramel Shortbreads,Hummingbird Cake
8,4,Kate,Lyon,29,Merseyside,Health and safety inspector,6,STAR BAKER,Salted Bay Caramel Millionaire Shortbreads,Sticky Toffee Apple Caramel Cake
8,4,Steven,Carter,34,"Watford, Hertfordshire",Marketer,7,IN,Orange Macadamia Nut Millionaire Shortbreads,Caramel Crown Cake
8,4,Yan,Tsou,46,North London,Laboratory research scientist,8,IN,'Lil' Red's Ginger and Nuts' Millionaire Shortbreads,Animals of the Rainforest Caramel Cake
8,4,Julia,Chernogorova,21,"Crawley, West Sussex",Aviation Broker,9,IN,Pecan Salted Caramel Millionaire Shortbreads,Poppy Seed Caramel Cake
8,5,Sophie,Faldo,33,"West Molesey, Surrey",Former army officer and trainee stuntwoman,1,STAR BAKER,"Ginger, Fig and Honey Steamed School Pudding","Raspberry, Yuzu & White Chocolate Bûche Trifle Terrine"
8,5,Liam,Charles,19,North London,Student,2,IN,Cherries & Lemons that are 'Baked Well','Cheers Lads' Trifle Terrine
8,5,Julia,Chernogorova,21,"Crawley, West Sussex",Aviation Broker,3,IN,Orange & Treacle Steamed School Pudding,'Opulent Ornament' Trifle Terrine
8,5,Stacey,Hart,42,"Radlett, Hertfordshire",Former school teacher,4,IN,Bakewell Tart Steamed School Pudding,Tropical Trifle Terrine
8,5,Steven,Carter,34,"Watford, Hertfordshire",Marketer,5,IN,Lemon & Blackcurrant Drizzle Steamed School Pudding,'From Across the Jelly Pond' Trifle Terrine
8,5,Yan,Tsou,46,North London,Laboratory research scientist,6,IN,Mango Fruit Hat Steamed School Pudding,'Heart of a Hero' Trifle Terrine
8,5,James,Hillery,46,"Brentwood, Essex",Banker,7,OUT,Orange and Ginger Steamed School Pudding,'The Missed Silver Jubilee' Trifle Terrine
8,5,Kate,Lyon,29,Merseyside,Health and safety inspector,8,IN,'Mr Darcy's Steamy Lake Scene' Steamed School Pudding,'My Great Great Nan's' Raspberry Trifle Terrine
8,6,Yan,Tsou,46,North London,Laboratory research scientist,1,IN,'πr2' Decorative Pies,Chequerboard Pie
8,6,Sophie,Faldo,33,"West Molesey, Surrey",Former army officer and trainee stuntwoman,2,IN,'The Four Seasons' Decorative Pies,Game Pie with Glazed Forest Fruits
8,6,Steven,Carter,34,"Watford, Hertfordshire",Marketer,3,IN,'Fleetwood Mac' Decorative Pies,Christmas Pie
8,6,Liam,Charles,19,North London,Student,4,STAR BAKER,'Standard FC' Decorative Pies,'Nan's Sunday Dinner' Pie
8,6,Kate,Lyon,29,Merseyside,Health and safety inspector,5,IN,'Vegetarian Pie Faces' Decorative Pies,Potato Curry Pie with Mango & Chilli Glaze
8,6,Stacey,Hart,42,"Radlett, Hertfordshire",Former school teacher,6,IN,'Love Theme' Decorative Pies,Indian Hand Raised Pie with Mango
8,6,Julia,Chernogorova,21,"Crawley, West Sussex",Aviation Broker,7,OUT,'Pies from the Tree' Decorative Pies,'Special Occasion' Pie
8,7,Steven,Carter,34,"Watford, Hertfordshire",Marketer,1,STAR BAKER,Italian Style Cannoli,'Sicilian-style' Sfogliatelle
8,7,Liam,Charles,19,North London,Student,2,IN,'Just Doing Me' Cannoli,'Morning Delivery' Sfogliatelle
8,7,Sophie,Faldo,33,"West Molesey, Surrey",Former army officer and trainee stuntwoman,3,IN,'Classics with a Twist' Cannoli,'Classics' Sfogliatelle
8,7,Stacey,Hart,42,"Radlett, Hertfordshire",Former school teacher,4,IN,My All Time Favourite Desserts,Pastry Surprise
8,7,Yan,Tsou,46,North London,Laboratory research scientist,5,OUT,Cannoli Cocktails,Canadian-Style Sfogliatelle
8,7,Kate,Lyon,29,Merseyside,Health and safety inspector,6,IN,'Happy Hour' Cocktail Cannoli,'Flavour Fusion' Sfogliatelle
8,8,Steven,Carter,34,"Watford, Hertfordshire",Marketer,1,IN,'Mediterranean Medley' Bedfordshire Clangers,Chestnut Rum Savoy Cake
8,8,Kate,Lyon,29,Merseyside,Health and safety inspector,2,IN,Burrito Bedfordshire Clangers,'Liver Building Turret' Savoy Cake
8,8,Stacey,Hart,42,"Radlett, Hertfordshire",Former school teacher,3,STAR BAKER,Camembert & Onion and Apple & Blueberry Bedfordshire Clangers,'Bright' Lemon & Orange Savoy Cake
8,8,Sophie,Faldo,33,"West Molesey, Surrey",Former army officer and trainee stuntwoman,4,IN,Char Siu & Banana Praline Bedfordshire Clangers,Citrus with Green Apple Croquembouche Savoy Cake
8,8,Liam,Charles,19,North London,Student,5,OUT,'Take Out' Bedfordshire Clangers,'Fort Wizardore' Savoy Cake
8,9,Sophie,Faldo,33,"West Molesey, Surrey",Former army officer and trainee stuntwoman,1,STAR BAKER,Strawberry & Rhubarb and Chestnut & Vanilla Choux Buns,'Tutu with Opera Filling' Meringue Centrepiece
8,9,Stacey,Hart,42,"Radlett, Hertfordshire",Former school teacher,2,OUT,'Choux-nicorn and Choux-moji' Choux Buns,'Flamingos in Love' Meringue Centrepiece
8,9,Steven,Carter,34,"Watford, Hertfordshire",Marketer,3,IN,Key Lime Cheesecake and Bakewell Tart Choux Buns,'Some Air Over the Rainbow' Meringue Centrepiece
8,9,Kate,Lyon,29,Merseyside,Health and safety inspector,4,IN,Bellini and Valencian Orange Choux Buns,'Rainbow' Meringue Centrepiece
8,10,Steven,Carter,34,"Watford, Hertfordshire",Marketer,1,Runner-up,"Spelt & Rye, Toasted Garlic & Fontina and Sweet Chocolate Breads",'Yin Yang' Entremet
8,10,Sophie,Faldo,33,"West Molesey, Surrey",Former army officer and trainee stuntwoman,2,WINNER,"Spelt Boules, Mushroom Ciabatta and Orange Plaited Brioche",'Ode to the Honey Bee' Entremet
8,10,Kate,Lyon,29,Merseyside,Health and safety inspector,3,Runner-up,"Roman Spelt, Coconut Kala Chana and Flower Breads","White Chocolate, Yuzu and Lychee Entremet"
9,1,Ruby,Bhogal,29,London,Project manager,1,IN,NA,NA
9,1,Briony,Williams,33,Bristol,Full-time parent,2,IN,NA,NA
9,1,Manon,Lagrave,26,London,Software project manager,3,STAR BAKER,NA,NA
9,1,Dan,Beasley,36,London,Full-time parent,4,IN,NA,NA
9,1,Jon,Jenkins,47,Newport,Blood courier,5,IN,NA,NA
9,1,Karen,Wright,60,Wakefield,In-store sampling assistant,6,IN,NA,NA
9,1,Rahul,Mandal,30,Rotherham,Research scientist,7,IN,NA,NA
9,1,Luke,Thompson,30,Sheffield,Civil servant/house and techno DJ,8,IN,NA,NA
9,1,Terry,Hartill,56,West Midlands,Retired air steward,9,IN,NA,NA
9,1,Kim-Joy,NA,NA,NA,NA,10,IN,NA,NA
9,1,Imelda,McCarron,33,County Tyrone,Countryside recreation officer,11,OUT,NA,NA
9,1,Antony,Amourdoux,30,London,Banker,12,IN,NA,NA
9,2,Jon,Jenkins,47,Newport,Blood courier,1,IN,NA,NA
9,2,Rahul,Mandal,30,Rotherham,Research scientist,2,STAR BAKER,NA,NA
9,2,Dan,Beasley,36,London,Full-time parent,3,IN,NA,NA
9,2,Kim-Joy,NA,NA,NA,NA,4,IN,NA,NA
9,2,Briony,Williams,33,Bristol,Full-time parent,5,IN,NA,NA
9,2,Manon,Lagrave,26,London,Software project manager,6,IN,NA,NA
9,2,Luke,Thompson,30,Sheffield,Civil servant/house and techno DJ,7,OUT,NA,NA
9,2,Terry,Hartill,56,West Midlands,Retired air steward,8,IN,NA,NA
9,2,Antony,Amourdoux,30,London,Banker,9,IN,NA,NA
9,2,Ruby,Bhogal,29,London,Project manager,10,IN,NA,NA
9,2,Karen,Wright,60,Wakefield,In-store sampling assistant,11,IN,NA,NA
9,3,Terry,Hartill,56,West Midlands,Retired air steward,1,IN,NA,NA
9,3,Jon,Jenkins,47,Newport,Blood courier,2,IN,NA,NA
9,3,Manon,Lagrave,26,London,Software project manager,3,IN,NA,NA
9,3,Rahul,Mandal,30,Rotherham,Research scientist,4,STAR BAKER,NA,NA
9,3,Karen,Wright,60,Wakefield,In-store sampling assistant,5,IN,NA,NA
9,3,Dan,Beasley,36,London,Full-time parent,6,IN,NA,NA
9,3,Ruby,Bhogal,29,London,Project manager,7,IN,NA,NA
9,3,Antony,Amourdoux,30,London,Banker,8,OUT,NA,NA
9,3,Briony,Williams,33,Bristol,Full-time parent,9,IN,NA,NA
9,3,Kim-Joy,NA,NA,NA,NA,10,IN,NA,NA
9,4,Dan,Beasley,36,London,Full-time parent,1,STAR BAKER,NA,NA
9,4,Ruby,Bhogal,29,London,Project manager,2,IN,NA,NA
9,4,Jon,Jenkins,47,Newport,Blood courier,3,IN,NA,NA
9,4,Rahul,Mandal,30,Rotherham,Research scientist,4,IN,NA,NA
9,4,Briony,Williams,33,Bristol,Full-time parent,5,IN,NA,NA
9,4,Kim-Joy,NA,NA,NA,NA,6,IN,NA,NA
9,4,Karen,Wright,60,Wakefield,In-store sampling assistant,7,IN,NA,NA
9,4,Manon,Lagrave,26,London,Software project manager,8,IN,NA,NA
9,4,Terry,Hartill,56,West Midlands,Retired air steward,NA,[a],NA,NA
9,5,Ruby,Bhogal,29,London,Project manager,1,IN,NA,NA
9,5,Dan,Beasley,36,London,Full-time parent,2,IN,NA,NA
9,5,Rahul,Mandal,30,Rotherham,Research scientist,3,IN,NA,NA
9,5,Kim-Joy,NA,NA,NA,NA,4,STAR BAKER,NA,NA
9,5,Manon,Lagrave,26,London,Software project manager,5,IN,NA,NA
9,5,Briony,Williams,33,Bristol,Full-time parent,6,IN,NA,NA
9,5,Jon,Jenkins,47,Newport,Blood courier,7,IN,NA,NA
9,5,Terry,Hartill,56,West Midlands,Retired air steward,8,OUT,NA,NA
9,5,Karen,Wright,60,Wakefield,In-store sampling assistant,9,OUT,NA,NA
9,6,Briony,Williams,33,Bristol,Full-time parent,1,STAR BAKER,NA,NA
9,6,Jon,Jenkins,47,Newport,Blood courier,2,IN,NA,NA
9,6,Rahul,Mandal,30,Rotherham,Research scientist,3,IN,NA,NA
9,6,Manon,Lagrave,26,London,Software project manager,4,IN,NA,NA
9,6,Kim-Joy,NA,NA,NA,NA,5,IN,NA,NA
9,6,Dan,Beasley,36,London,Full-time parent,6,OUT,NA,NA
9,6,Ruby,Bhogal,29,London,Project manager,7,IN,NA,NA
9,7,Rahul,Mandal,30,Rotherham,Research scientist,1,IN,NA,NA
9,7,Manon,Lagrave,26,London,Software project manager,2,IN,NA,NA
9,7,Ruby,Bhogal,29,London,Project manager,3,IN,NA,NA
9,7,Jon,Jenkins,47,Newport,Blood courier,4,OUT,NA,NA
9,7,Briony,Williams,33,Bristol,Full-time parent,5,IN,NA,NA
9,7,Kim-Joy,NA,NA,NA,NA,6,STAR BAKER,NA,NA
9,8,Briony,Williams,33,Bristol,Full-time parent,1,IN,NA,NA
9,8,Kim-Joy,NA,NA,NA,NA,2,IN,NA,NA
9,8,Ruby,Bhogal,29,London,Project manager,3,STAR BAKER,NA,NA
9,8,Manon,Lagrave,26,London,Software project manager,4,OUT,NA,NA
9,8,Rahul,Mandal,30,Rotherham,Research scientist,5,IN,NA,NA
9,9,Ruby,Bhogal,29,London,Project manager,1,STAR BAKER,NA,NA
9,9,Kim-Joy,NA,NA,NA,NA,2,IN,NA,NA
9,9,Briony,Williams,33,Bristol,Full-time parent,3,OUT,NA,NA
9,9,Rahul,Mandal,30,Rotherham,Research scientist,4,IN,NA,NA
9,10,Kim-Joy,NA,NA,NA,NA,1,Runner-up,NA,NA
9,10,Rahul,Mandal,30,Rotherham,Research scientist,2,WINNER,NA,NA
9,10,Ruby,Bhogal,29,London,Project manager,3,Runner-up,NA,NA
10,1,Henry,Bird,20,Durham,Student,1,IN,NA,NA
10,1,Rosie,Brandreth,28,Somerset,Veterinary surgeon,2,IN,NA,NA
10,1,Steph,Blackwell,28,Chester,Shop assistant,3,IN,NA,NA
10,1,Amelia,LeBruin,24,Halifax,Fashion designer,4,IN,NA,NA
10,1,Alice,Fevronia,28,Essex,Geography teacher,5,IN,NA,NA
10,1,Michelle,Evans,35,"Tenby, Wales",Print shop administrator,6,STAR BAKER,NA,NA
10,1,Priya,O,34,Leicester,Marketing consultant,7,IN,NA,NA
10,1,Phil,Thorne,56,Rainham,HGV driver,8,IN,NA,NA
10,1,Dan,Chambers,32,Rotherham,Support worker,9,OUT,NA,NA
10,1,David,Atherton,36,Whitby,International health adviser,10,IN,NA,NA
10,1,Michael,Chakraverty,26,Stratford-upon-Avon,Theatre manager/fitness instructor,11,IN,NA,NA
10,1,Helena,Garcia,40,Leeds,Online project manager,12,IN,NA,NA
10,1,Jamie,Finn,20,Surrey,Part-time waiter,13,IN,NA,NA
10,2,Alice,Fevronia,28,Essex,Geography teacher,1,STAR BAKER,NA,NA
10,2,David,Atherton,36,Whitby,International health adviser,2,IN,NA,NA
10,2,Phil,Thorne,56,Rainham,HGV driver,3,IN,NA,NA
10,2,Michael,Chakraverty,26,Stratford-upon-Avon,Theatre manager/fitness instructor,4,IN,NA,NA
10,2,Rosie,Brandreth,28,Somerset,Veterinary surgeon,5,IN,NA,NA
10,2,Henry,Bird,20,Durham,Student,6,IN,NA,NA
10,2,Priya,O,34,Leicester,Marketing consultant,7,IN,NA,NA
10,2,Michelle,Evans,35,"Tenby, Wales",Print shop administrator,8,IN,NA,NA
10,2,Amelia,LeBruin,24,Halifax,Fashion designer,9,IN,NA,NA
10,2,Steph,Blackwell,28,Chester,Shop assistant,10,IN,NA,NA
10,2,Jamie,Finn,20,Surrey,Part-time waiter,11,OUT,NA,NA
10,2,Helena,Garcia,40,Leeds,Online project manager,12,IN,NA,NA
10,3,Henry,Bird,20,Durham,Student,1,IN,NA,NA
10,3,David,Atherton,36,Whitby,International health adviser,2,IN,NA,NA
10,3,Steph,Blackwell,28,Chester,Shop assistant,3,IN,NA,NA
10,3,Priya,O,34,Leicester,Marketing consultant,4,IN,NA,NA
10,3,Michelle,Evans,35,"Tenby, Wales",Print shop administrator,5,IN,NA,NA
10,3,Michael,Chakraverty,26,Stratford-upon-Avon,Theatre manager/fitness instructor,6,STAR BAKER,NA,NA
10,3,Alice,Fevronia,28,Essex,Geography teacher,7,IN,NA,NA
10,3,Helena,Garcia,40,Leeds,Online project manager,8,IN,NA,NA
10,3,Rosie,Brandreth,28,Somerset,Veterinary surgeon,9,IN,NA,NA
10,3,Phil,Thorne,56,Rainham,HGV driver,10,IN,NA,NA
10,3,Amelia,LeBruin,24,Halifax,Fashion designer,11,OUT,NA,NA
10,4,Steph,Blackwell,28,Chester,Shop assistant,1,STAR BAKER,NA,NA
10,4,David,Atherton,36,Whitby,International health adviser,2,IN,NA,NA
10,4,Henry,Bird,20,Durham,Student,3,IN,NA,NA
10,4,Rosie,Brandreth,28,Somerset,Veterinary surgeon,4,IN,NA,NA
10,4,Michelle,Evans,35,"Tenby, Wales",Print shop administrator,5,IN,NA,NA
10,4,Phil,Thorne,56,Rainham,HGV driver,6,OUT,NA,NA
10,4,Michael,Chakraverty,26,Stratford-upon-Avon,Theatre manager/fitness instructor,7,IN,NA,NA
10,4,Alice,Fevronia,28,Essex,Geography teacher,8,IN,NA,NA
10,4,Helena,Garcia,40,Leeds,Online project manager,9,IN,NA,NA
10,4,Priya,O,34,Leicester,Marketing consultant,10,IN,NA,NA
10,5,Helena,Garcia,40,Leeds,Online project manager,1,OUT,NA,NA
10,5,Priya,O,34,Leicester,Marketing consultant,2,IN,NA,NA
10,5,Henry,Bird,20,Durham,Student,3,IN,NA,NA
10,5,Steph,Blackwell,28,Chester,Shop assistant,4,STAR BAKER,NA,NA
10,5,Rosie,Brandreth,28,Somerset,Veterinary surgeon,5,IN,NA,NA
10,5,Alice,Fevronia,28,Essex,Geography teacher,6,IN,NA,NA
10,5,Michelle,Evans,35,"Tenby, Wales",Print shop administrator,7,OUT,NA,NA
10,5,Michael,Chakraverty,26,Stratford-upon-Avon,Theatre manager/fitness instructor,8,IN,NA,NA
10,5,David,Atherton,36,Whitby,International health adviser,9,IN,NA,NA
10,6,Alice,Fevronia,28,Essex,Geography teacher,1,IN,NA,NA
10,6,David,Atherton,36,Whitby,International health adviser,2,IN,NA,NA
10,6,Steph,Blackwell,28,Chester,Shop assistant,3,STAR BAKER,NA,NA
10,6,Henry,Bird,20,Durham,Student,4,IN,NA,NA
10,6,Rosie,Brandreth,28,Somerset,Veterinary surgeon,5,IN,NA,NA
10,6,Michael,Chakraverty,26,Stratford-upon-Avon,Theatre manager/fitness instructor,6,IN,NA,NA
10,6,Priya,O,34,Leicester,Marketing consultant,7,OUT,NA,NA
10,7,Rosie,Brandreth,28,Somerset,Veterinary surgeon,1,IN,NA,NA
10,7,David,Atherton,36,Whitby,International health adviser,2,IN,NA,NA
10,7,Henry,Bird,20,Durham,Student,3,STAR BAKER,NA,NA
10,7,Steph,Blackwell,28,Chester,Shop assistant,4,IN,NA,NA
10,7,Michael,Chakraverty,26,Stratford-upon-Avon,Theatre manager/fitness instructor,5,OUT,NA,NA
10,7,Alice,Fevronia,28,Essex,Geography teacher,6,IN,NA,NA
10,8,David,Atherton,36,Whitby,International health adviser,1,IN,NA,NA
10,8,Rosie,Brandreth,28,Somerset,Veterinary surgeon,2,IN,NA,NA
10,8,Alice,Fevronia,28,Essex,Geography teacher,3,IN,NA,NA
10,8,Steph,Blackwell,28,Chester,Shop assistant,4,STAR BAKER,NA,NA
10,8,Henry,Bird,20,Durham,Student,5,OUT,NA,NA
10,9,Rosie,Brandreth,28,Somerset,Veterinary surgeon,1,OUT,NA,NA
10,9,David,Atherton,36,Whitby,International health adviser,2,IN,NA,NA
10,9,Steph,Blackwell,28,Chester,Shop assistant,3,IN,NA,NA
10,9,Alice,Fevronia,28,Essex,Geography teacher,4,STAR BAKER,NA,NA
10,10,David,Atherton,36,Whitby,International health adviser,1,WINNER,NA,NA
10,10,Alice,Fevronia,28,Essex,Geography teacher,2,Runner-up,NA,NA
10,10,Steph,Blackwell,28,Chester,Shop assistant,3,Runner-up,NA,NA
